,Car Model,Price,History,Kilometers Driven,Transmission,Insurance,Owner,Fuel Type,Registration,Year of Purchase,Last Service
0,2012 Volkswagen Polo HIGHLINE1.2L DIESEL MANUAL,"258,399",Non-Accidental,"67,595 km",MANUAL,Valid upto Jul 2022Comp,2nd Owner,Diesel,MH-03-B-x-xxxx,July 2012,
1,2011 Honda City S MT PETROL MANUAL,"306,899",Non-Accidental,"101,973 km",MANUAL,Valid upto Jan 20233rd Party,2nd Owner,Petrol,MH-43-A-x-xxxx,February 2011,
2,2015 Maruti Ciaz ZDI+ SHVS MANUAL,"589,299",Non-Accidental,"125,499 km",MANUAL,Valid upto Jan 20233rd Party,1st Owner,Diesel,MH-03-C-x-xxxx,September 2015,
3,2012 Maruti SX4 ZDI  MANUAL,"359,699",Non-Accidental,"132,910 km",MANUAL,Valid upto Jan 20233rd Party,1st Owner,Diesel,MH-03-B-x-xxxx,March 2012,"132,910km (19 Jan 2022)"
4,2018 Volkswagen Vento COMFORTLINE PETROL MANUAL,"713,499",Non-Accidental,"23,139 km",MANUAL,Valid upto Jan 20233rd Party,1st Owner,Petrol,MH-12-R-x-xxxx,December 2018,"23,139km (14 Jan 2022)"
5,2015 Volkswagen Polo HIGHLINE1.2L PETROL MANUAL,"516,299",Non-Accidental,"63,908 km",MANUAL,Valid upto Jan 20233rd Party,2nd Owner,Petrol,MH-14-E-x-xxxx,April 2015,"63,908km (14 Jan 2022)"
6,2015 Volkswagen Jetta HIGHLINE TDI AT AUTOMATIC,"1,079,899",Non-Accidental,"96,877 km",AUTOMATIC,Valid upto Jan 20233rd Party,1st Owner,Diesel,MH-12-M-x-xxxx,May 2015,"96,877km (15 Jan 2022)"
7,2014 Maruti Swift VXI MANUAL,"477,799",Non-Accidental,"28,600 km",MANUAL,Valid upto Jan 20233rd Party,1st Owner,Petrol,MH-48-S-x-xxxx,January 2014,"28,600km (19 Jan 2022)"
8,2017 Maruti IGNIS DELTA 1.2 K12  MANUAL,"518,799",Non-Accidental,"41,139 km",MANUAL,Valid upto Jan 20233rd Party,1st Owner,Petrol,MH-12-P-x-xxxx,March 2017,"41,139km (12 Oct 2021)"
9,2016 Volkswagen Polo GT TSI 1.2 PETROL AT AUTOMATIC,"646,299",Non-Accidental,"48,730 km",AUTOMATIC,Valid upto Jan 20233rd Party,2nd Owner,Petrol,MH-02-E-x-xxxx,November 2016,"48,730km (12 Jan 2022)"
10,2016 Maruti Vitara Brezza ZDI PLUS DUAL TONE MANUAL,"821,099",Non-Accidental,"59,284 km",MANUAL,Valid upto Jul 2022Zero_Dep,1st Owner,Diesel,MH-46-A-x-xxxx,June 2016,"59,284km (18 Jan 2022)"
11,2015 Honda City VX CVT PETROL AUTOMATIC,"749,999",Non-Accidental,"37,476 km",AUTOMATIC,Valid upto Apr 2022Third Party,2nd Owner,Petrol,MH-27-B-x-xxxx,July 2015,"37,476km (12 Jan 2022)"
12,2014 Volkswagen Polo HIGHLINE1.2L PETROL MANUAL,"484,799",Non-Accidental,"67,087 km",MANUAL,Valid upto Jan 20233rd Party,1st Owner,Petrol,MH-12-K-x-xxxx,January 2014,"67,087km (19 Jan 2022)"
13,2016 Hyundai Tucson New 2WD AT GLS DIESEL AUTOMATIC,"1,465,799",Non-Accidental,"62,779 km",AUTOMATIC,Valid upto Jan 20233rd Party,1st Owner,Diesel,MH-04-H-x-xxxx,October 2016,"62,779km (03 Jan 2022)"
14,2016 Maruti Ertiga ZDI PLUS SHVS MANUAL,"782,099",Non-Accidental,"65,293 km",MANUAL,Valid upto Jul 2022Third_party,1st Owner,Diesel,MH-04-H-x-xxxx,June 2016,"65,293km (13 Nov 2021)"
15,2014 Hyundai i10 MAGNA 1.1 IRDE2 MANUAL,"312,399",Non-Accidental,"13,068 km",MANUAL,Valid upto Jan 20233rd Party,1st Owner,Petrol,MH-02-D-x-xxxx,June 2014,"13,068km (02 Dec 2021)"
16,2016 Maruti Ertiga VDI SHVS MANUAL,"822,399",Non-Accidental,"33,931 km",MANUAL,Valid upto Jan 20233rd Party,1st Owner,Diesel,MH-48-A-x-xxxx,February 2016,"33,931km (11 Dec 2021)"
17,2017 Maruti Ertiga ZDI PLUS SHVS MANUAL,"868,099",Non-Accidental,"62,533 km",MANUAL,Valid upto Jun 2022Comp,1st Owner,Diesel,MH-28-A-x-xxxx,June 2017,"62,533km (30 Oct 2021)"
18,2014 Hyundai Xcent SX 1.2 MANUAL,"454,699",Non-Accidental,"30,363 km",MANUAL,Valid upto Jan 20233rd Party,1st Owner,Petrol,MH-04-G-x-xxxx,November 2014,"30,363km (12 Jan 2022)"
19,2017 Maruti Ertiga VDI SHVS MANUAL,"863,999",Non-Accidental,"79,817 km",MANUAL,Valid upto Jan 20233rd Party,1st Owner,Diesel,MH-05-D-x-xxxx,March 2017,"79,817km (15 Jan 2022)"
20,2018 Toyota YARIS G MT MANUAL,"774,599",Non-Accidental,"28,949 km",MANUAL,Valid upto Aug 2022Comp,1st Owner,Petrol,MH-02-E-x-xxxx,May 2018,"28,949km (11 Dec 2021)"
21,2017 Maruti Ertiga ZDI PLUS SHVS MANUAL,"938,499",Non-Accidental,"38,797 km",MANUAL,Valid upto Aug 2022Comp,1st Owner,Diesel,MH-14-G-x-xxxx,July 2017,"38,797km (08 Jan 2022)"
22,2017 Hyundai Tucson New 2WD AT GLS DIESEL AUTOMATIC,"1,642,699",Non-Accidental,"64,397 km",AUTOMATIC,Valid upto Sep 2022Zero_Dep,1st Owner,Diesel,MH-46-B-x-xxxx,April 2017,"64,397km (27 Dec 2021)"
23,2016 Hyundai Elite i20 MAGNA 1.2 MANUAL,"528,699",Non-Accidental,"117,299 km",MANUAL,Valid upto Aug 2022Zero_Dep,2nd Owner,Petrol,MH-12-N-x-xxxx,July 2016,"117,299km (18 Jan 2022)"
24,2016 Renault Kwid RXT MANUAL,"294,799",Non-Accidental,"23,390 km",MANUAL,Valid upto Jun 2022Comp,2nd Owner,Petrol,MH-02-E-x-xxxx,April 2016,"23,390km (03 Jan 2022)"
25,2016 Ford New Figo 1.2 TREND MANUAL,"416,099",Non-Accidental,"19,976 km",MANUAL,Valid upto Sep 2022Comp,2nd Owner,Petrol,MH-12-N-x-xxxx,August 2016,"19,976km (17 Jan 2022)"
26,2016 Hyundai i20 Active 1.2 S MANUAL,"559,799",Non-Accidental,"18,400 km",MANUAL,Valid upto Jan 20233rd Party,2nd Owner,Petrol,MH-03-C-x-xxxx,August 2016,"18,400km (31 Dec 2021)"
27,2013 Honda Amaze 1.5 VXMT I DTEC MANUAL,"425,099",Non-Accidental,"142,720 km",MANUAL,Valid upto Jan 20233rd Party,2nd Owner,Diesel,MH-03-B-x-xxxx,July 2013,"142,720km (17 Jan 2022)"
28,2016 Toyota Innova Crysta 2.8 ZX AT 7 STR AUTOMATIC,"1,554,499",Non-Accidental,"162,908 km",AUTOMATIC,Valid upto Jan 20233rd Party,1st Owner,Diesel,MH-12-N-x-xxxx,October 2016,"162,908km (22 Dec 2021)"
29,2014 Ford Ecosport 1.5 TREND TDCI MANUAL,"533,599",Non-Accidental,"57,108 km",MANUAL,Valid upto Jan 20233rd Party,1st Owner,Diesel,MH-02-D-x-xxxx,May 2014,"57,108km (27 Dec 2021)"
30,2015 Hyundai Creta 1.6 SX CRDI MANUAL,"920,599",Non-Accidental,"72,365 km",MANUAL,Valid upto Jan 20233rd Party,1st Owner,Diesel,MH-43-A-x-xxxx,July 2015,"72,365km (30 Dec 2021)"
31,2017 Honda WR-V 1.2 i-VTEC VX MT MANUAL,"731,599",Non-Accidental,"69,674 km",MANUAL,Valid upto Jan 20233rd Party,1st Owner,Petrol,MH-11-C-x-xxxx,October 2017,"69,674km (12 Jan 2022)"
32,2015 Ford Figo Aspire 1.5 TREND DIESEL MANUAL,"469,199",Non-Accidental,"59,038 km",MANUAL,Valid upto Jan 20233rd Party,1st Owner,Diesel,MH-46-A-x-xxxx,September 2015,"59,038km (17 Jan 2022)"
33,2012 Maruti Ertiga VDI ABS MANUAL,"531,699",Non-Accidental,"242,900 km",MANUAL,Valid upto Jan 20233rd Party,1st Owner,Diesel,MH-01-B-x-xxxx,June 2012,"242,900km (30 Dec 2021)"
34,2017 Honda City V CVT MANUAL,"839,199",Non-Accidental,"43,777 km",MANUAL,Valid upto Jan 20233rd Party,1st Owner,Petrol,MH-12-N-x-xxxx,February 2017,"43,777km (14 Oct 2021)"
35,2015 Toyota Fortuner 3.0 MT 4X2 MANUAL,"1,382,699",Non-Accidental,"276,914 km",MANUAL,Valid upto Jan 20233rd Party,1st Owner,Diesel,MH-12-L-x-xxxx,April 2015,"276,914km (17 Jan 2022)"
36,2017 Tata Hexa Varicor 400 XTA AUTOMATIC,"1,214,699",Non-Accidental,"72,986 km",AUTOMATIC,Valid upto Jan 20233rd Party,1st Owner,Diesel,MH-14-G-x-xxxx,August 2017,"72,986km (07 Jan 2022)"
37,2017 Maruti Ciaz ZETA 1.3 DDIS SHVS  MANUAL,"760,999",Non-Accidental,"68,735 km",MANUAL,Valid upto Aug 2022Third_party,1st Owner,Diesel,MH-14-G-x-xxxx,July 2017,"68,735km (29 Oct 2021)"
38,2019 Maruti XL6 ALPHA SHVS  MT  MANUAL,"979,899",Non-Accidental,"17,470 km",MANUAL,Valid upto Oct 2022Comp,1st Owner,Petrol,MH-48-B-x-xxxx,September 2019,"17,470km (09 Dec 2021)"
39,2017 Maruti Vitara Brezza ZDI PLUS MANUAL,"875,799",Non-Accidental,"77,201 km",MANUAL,Valid upto Jan 20233rd Party,1st Owner,Diesel,MH-14-G-x-xxxx,March 2017,"77,201km (22 Oct 2021)"
40,2016 Renault Kwid RXT 1.0 EASY-R  AT MANUAL,"394,099",Non-Accidental,"20,594 km",MANUAL,Valid upto Jan 20233rd Party,1st Owner,Petrol,MH-43-B-x-xxxx,November 2016,"20,594km (31 Dec 2021)"
41,2017 Maruti Vitara Brezza ZDI MANUAL,"823,599",Non-Accidental,"33,041 km",MANUAL,Valid upto Jun 2022Comp,1st Owner,Diesel,MH-43-B-x-xxxx,March 2017,"33,041km (27 Dec 2021)"
42,2014 Hyundai Santa Fe 4WD AT AUTOMATIC,"1,201,599",Non-Accidental,"73,427 km",AUTOMATIC,Valid upto Jan 20233rd Party,2nd Owner,Diesel,MH-12-K-x-xxxx,May 2014,"73,427km (15 Jan 2022)"
43,2014 Hyundai Elite i20 ASTA 1.2 MANUAL,"574,199",Non-Accidental,"42,921 km",MANUAL,Valid upto Oct 2022Zero_Dep,1st Owner,Petrol,MH-12-L-x-xxxx,October 2014,"42,921km (12 Jan 2022)"
44,2015 Honda Amaze 1.2 SMT I VTEC MANUAL,"477,599",Non-Accidental,"68,831 km",MANUAL,Valid upto Jan 20233rd Party,1st Owner,Petrol,MH-12-L-x-xxxx,January 2015,"68,831km (18 Jan 2022)"
45,2015 Hyundai Elite i20 ASTA 1.2 MANUAL,"570,599",Non-Accidental,"39,559 km",MANUAL,Valid upto May 2022Comp,1st Owner,Petrol,MH-46-A-x-xxxx,March 2015,"39,559km (03 Jan 2022)"
46,2016 Maruti Vitara Brezza ZDI PLUS MANUAL,"774,599",Non-Accidental,"97,103 km",MANUAL,Valid upto Jan 20233rd Party,1st Owner,Diesel,MH-43-B-x-xxxx,August 2016,"97,103km (25 Nov 2021)"
47,2019 Maruti New  Wagon-R VXI 1.2L ,"570,799",Non-Accidental,"23,396 km",NA,Valid upto Jan 20233rd Party,1st Owner,Petrol,MH-12-S-x-xxxx,December 2019,"23,396km (28 Dec 2021)"
48,2015 Hyundai Grand i10 SPORTZ 1.1 CRDI MANUAL,"381,399",Non-Accidental,"46,332 km",MANUAL,Valid upto Dec 2022Third Party,1st Owner,Diesel,MH-04-G-x-xxxx,March 2015,"46,332km (07 Jan 2022)"
49,2017 Hyundai Creta 1.6 SX PLUS PETROL MANUAL,"948,199",Non-Accidental,"69,215 km",MANUAL,Valid upto Jan 20233rd Party,2nd Owner,Petrol,MH-01-C-x-xxxx,January 2017,"69,215km (27 Dec 2021)"
50,2017 Maruti S Cross ZETA SHVS MANUAL,"920,499",Non-Accidental,"77,331 km",MANUAL,Valid upto Jan 20233rd Party,1st Owner,Diesel,MH-12-P-x-xxxx,December 2017,"77,331km (30 Sep 2021)"
51,2019 Maruti XL6 ZETA AT SHVS  ,"1,097,099",Non-Accidental,"26,384 km",NA,Valid upto Jan 20233rd Party,1st Owner,Petrol,MH-12-S-x-xxxx,November 2019,"26,384km (07 Jan 2022)"
52,2014 Honda Amaze 1.5 SX MT I DTEC MANUAL,"443,899",Non-Accidental,"54,831 km",MANUAL,Valid upto Jan 20233rd Party,1st Owner,Diesel,MH-02-D-x-xxxx,October 2014,"54,831km (17 Jan 2022)"
53,2016 Maruti Baleno DELTA 1.2 K12  MANUAL,"598,999",Non-Accidental,"39,058 km",MANUAL,Valid upto Jan 20233rd Party,1st Owner,Petrol,MH-14-F-x-xxxx,May 2016,"39,058km (29 Dec 2021)"
54,2016 Maruti Baleno DELTA 1.2 K12  MANUAL,"576,099",Non-Accidental,"45,554 km",MANUAL,Valid upto Jan 20233rd Party,1st Owner,Petrol,MH-12-N-x-xxxx,November 2016,"45,554km (28 Sep 2021)"
55,2016 Maruti Baleno ALPHA DDIS 190  MANUAL,"566,599",Non-Accidental,"92,929 km",MANUAL,Valid upto Jan 20233rd Party,1st Owner,Diesel,MH-12-N-x-xxxx,August 2016,"92,929km (13 Oct 2021)"
56,2020 Maruti XL6 ZETA SHVS ,"1,017,799",Non-Accidental,"27,295 km",NA,Valid upto Sep 2022Zero_Dep,1st Owner,Petrol,MH-17-C-x-xxxx,August 2020,"27,295km (08 Jan 2022)"
57,2017 Maruti S Cross ZETA SHVS MANUAL,"941,799",Non-Accidental,"80,900 km",MANUAL,Valid upto Jan 20233rd Party,1st Owner,Diesel,MH-02-E-x-xxxx,October 2017,"80,900km (15 Jan 2022)"
58,2017 Hyundai i20 Active 1.2 S MANUAL,"611,799",Non-Accidental,"22,017 km",MANUAL,Valid upto Jan 20233rd Party,2nd Owner,Petrol,MH-12-P-x-xxxx,July 2017,"22,017km (11 Jan 2022)"
59,2017 Hyundai i20 Active 1.2 SX MANUAL,"671,799",Non-Accidental,"10,754 km",MANUAL,Valid upto Jan 20233rd Party,1st Owner,Petrol,MH-04-J-x-xxxx,December 2017,"10,754km (13 Jan 2022)"
60,2018 Honda WR-V 1.2 i-VTEC VX MT MANUAL,"809,099",Non-Accidental,"17,699 km",MANUAL,Valid upto Jan 20233rd Party,1st Owner,Petrol,MH-01-D-x-xxxx,July 2018,"17,699km (27 Nov 2021)"
61,2017 Maruti S Cross ZETA SHVS MANUAL,"953,099",Non-Accidental,"69,588 km",MANUAL,Valid upto Jan 20233rd Party,1st Owner,Diesel,MH-12-P-x-xxxx,November 2017,"69,588km (09 Nov 2021)"
62,2017 Honda City ZX CVT  AUTOMATIC,"1,018,199",Non-Accidental,"73,786 km",AUTOMATIC,Valid upto Jul 2022Third_party,1st Owner,Petrol,MH-14-G-x-xxxx,June 2017,"73,786km (23 Dec 2021)"
63,2017 Maruti Dzire ZXI MANUAL,"655,799",Non-Accidental,"37,024 km",MANUAL,Valid upto Jan 20233rd Party,1st Owner,Petrol,MH-46-B-x-xxxx,October 2017,"37,024km (14 Jan 2022)"
64,2018 Honda WR-V 1.2 i-VTEC VX MT MANUAL,"871,099",Non-Accidental,"15,150 km",MANUAL,Valid upto Jan 20233rd Party,1st Owner,Petrol,MH-03-D-x-xxxx,July 2018,
65,2018 Ford Figo Aspire 	1.2 Trend+ Petrol MANUAL,"617,099",Non-Accidental,"6,038 km",MANUAL,Valid upto Jan 20233rd Party,1st Owner,Petrol,MH-04-J-x-xxxx,September 2018,"6,038km (04 Jan 2022)"
66,2015 Hyundai Elite i20 MAGNA 1.2 MANUAL,"509,399",Non-Accidental,"51,501 km",MANUAL,Valid upto Jul 2022Third_party,2nd Owner,Petrol,MH-12-M-x-xxxx,May 2015,"51,501km (17 Jan 2022)"
67,2018 Toyota YARIS VX CVT ,"1,066,699",Non-Accidental,"10,012 km",NA,Valid upto Oct 2022Third_party,1st Owner,Petrol,MH-12-Q-x-xxxx,June 2018,"10,012km (03 Dec 2021)"
68,2016 Honda Jazz VX  1.2 MANUAL,"494,099",Non-Accidental,"46,201 km",MANUAL,Valid upto Jan 20233rd Party,2nd Owner,Petrol,MH-02-E-x-xxxx,March 2016,"46,201km (11 Nov 2021)"
69,2019 Renault TRIBER 1.0 RXZ  ,"705,299",Non-Accidental,"15,524 km",NA,Valid upto Mar 2023Third_party,1st Owner,Petrol,MH-12-S-x-xxxx,August 2019,"15,524km (13 Jan 2022)"
70,2016 Maruti Baleno DELTA DDIS 190  MANUAL,"552,099",Non-Accidental,"96,899 km",MANUAL,Valid upto Jan 20233rd Party,1st Owner,Diesel,MH-46-A-x-xxxx,October 2016,"96,899km (01 Jan 2022)"
71,2017 Hyundai Xcent SX 1.2 MANUAL,"516,099",Non-Accidental,"27,432 km",MANUAL,Valid upto Jan 20233rd Party,1st Owner,Petrol,MH-05-D-x-xxxx,August 2017,"27,432km (29 Nov 2021)"
72,2020 Hyundai VENUE SX 1.0 GDI IMT MANUAL,"994,399",Non-Accidental,"4,489 km",MANUAL,Valid upto Jan 20233rd Party,1st Owner,Petrol,MH-47-A-x-xxxx,September 2020,"4,489km (14 Jan 2022)"
73,2020 Hyundai VENUE S MT 1.2 KAPPA ,"871,599",Non-Accidental,"4,739 km",NA,Valid upto Dec 2022Comp,1st Owner,Petrol,MH-14-J-x-xxxx,November 2020,"4,739km (15 Jan 2022)"
74,2017 Hyundai Creta 1.6 CRDI SX PLUS AUTO AUTOMATIC,"1,180,799",Non-Accidental,"97,226 km",AUTOMATIC,Valid upto Jan 20233rd Party,1st Owner,Diesel,MH-12-N-x-xxxx,January 2017,"97,226km (24 Nov 2021)"
75,2015 Maruti Baleno ZETA DDIS 190  MANUAL,"617,899",Non-Accidental,"47,785 km",MANUAL,Valid upto Jan 20233rd Party,1st Owner,Diesel,MH-47-A-x-xxxx,October 2015,"47,785km (11 Jan 2022)"
76,2018 Volkswagen Polo HIGHLINE1.5L DIESEL MANUAL,"772,399",Non-Accidental,"55,022 km",MANUAL,Valid upto Jan 20233rd Party,1st Owner,Diesel,MH-12-R-x-xxxx,August 2018,"55,022km (10 Jan 2022)"
77,2016 Honda City VX (O) PETROL MANUAL,"642,799",Non-Accidental,"81,461 km",MANUAL,Valid upto Jan 20233rd Party,2nd Owner,Petrol,MH-43-B-x-xxxx,January 2016,"81,461km (08 Nov 2021)"
78,2016 Maruti Baleno DELTA 1.2 K12  MANUAL,"562,599",Non-Accidental,"62,883 km",MANUAL,Valid upto Jan 20233rd Party,2nd Owner,Petrol,MH-14-F-x-xxxx,May 2016,"62,883km (09 Oct 2021)"
79,2018 Volkswagen Polo HIGH LINE PLUS 1.0 MANUAL,"680,499",Non-Accidental,"34,583 km",MANUAL,Valid upto Jan 20233rd Party,1st Owner,Petrol,MH-12-Q-x-xxxx,March 2018,"34,583km (28 Dec 2021)"
80,2018 Hyundai Verna 1.6 SX VTVT MANUAL,"894,199",Non-Accidental,"26,161 km",MANUAL,Valid upto Jan 20233rd Party,1st Owner,Petrol,MH-48-A-x-xxxx,February 2018,"26,161km (10 Jan 2022)"
81,2013 Toyota Etios Liva GD MANUAL,"403,499",Non-Accidental,"46,910 km",MANUAL,Valid upto Jan 20233rd Party,1st Owner,Diesel,MH-12-J-x-xxxx,January 2013,"46,910km (19 Jan 2022)"
82,2019 Hyundai VENUE 1.0L Turbo GDI SX(O) MT MANUAL,"1,057,399",Non-Accidental,"8,924 km",MANUAL,Valid upto Aug 2022Third Party,1st Owner,Petrol,MH-12-R-x-xxxx,May 2019,"8,924km (02 Nov 2021)"
83,2017 Maruti IGNIS ZETA 1.2 K12 AMT AUTOMATIC,"556,999",Non-Accidental,"49,765 km",AUTOMATIC,Valid upto Sep 2022Third_party,1st Owner,Petrol,MH-14-G-x-xxxx,July 2017,"49,765km (28 Dec 2021)"
84,2020 Hyundai Creta SX (O) DIESEL AT ,"1,917,299",Non-Accidental,"37,882 km",NA,Valid upto Jan 20233rd Party,1st Owner,Diesel,MH-14-J-x-xxxx,July 2020,"37,882km (15 Jan 2022)"
85,2014 Maruti Wagon R Stingray VXI MANUAL,"332,099",Non-Accidental,"81,428 km",MANUAL,Valid upto Jan 20233rd Party,2nd Owner,Petrol,MH-02-D-x-xxxx,May 2014,"81,428km (19 Nov 2021)"
86,2014 Hyundai Grand i10 MAGNA 1.2 KAPPA VTVT MANUAL,"429,199",Non-Accidental,"61,473 km",MANUAL,Valid upto Jun 2022Comprehensive,1st Owner,Petrol,MH-14-E-x-xxxx,May 2014,"61,473km (14 Jan 2022)"
87,2012 Maruti Swift Dzire VDI BS IV MANUAL,"518,399",Non-Accidental,"40,145 km",MANUAL,Valid upto Jan 20233rd Party,1st Owner,Diesel,MH-12-J-x-xxxx,September 2012,"40,145km (18 Jan 2022)"
88,2021 Maruti XL6 ALPHA AT SHVS AUTOMATIC,"1,260,999",Non-Accidental,"9,153 km",AUTOMATIC,Valid upto Jan 20233rd Party,1st Owner,Petrol,MH-46-B-x-xxxx,February 2021,"9,153km (28 Dec 2021)"
89,2015 Maruti Swift VDI ABS MANUAL,"573,499",Non-Accidental,"79,042 km",MANUAL,Valid upto Jan 20233rd Party,1st Owner,Diesel,MH-12-L-x-xxxx,February 2015,"79,042km (31 Dec 2021)"
90,2018 Hyundai Verna 1.6 SX VTVT AT (O) AUTOMATIC,"1,118,499",Non-Accidental,"21,739 km",AUTOMATIC,Valid upto May 2022Comp,1st Owner,Petrol,MH-46-B-x-xxxx,April 2018,"21,739km (27 Dec 2021)"
91,2017 Ford Ecosport 1.5 TITANIUM TI VCT MANUAL,"750,799",Non-Accidental,"24,990 km",MANUAL,Valid upto Jan 20233rd Party,1st Owner,Petrol,MH-12-N-x-xxxx,February 2017,"24,990km (15 Nov 2021)"
92,2017 Ford Ecosport 1.5 TITANIUM TI VCT MANUAL,"759,899",Non-Accidental,"23,017 km",MANUAL,Valid upto Jan 20233rd Party,1st Owner,Petrol,MH-14-G-x-xxxx,February 2017,"23,017km (13 Jan 2022)"
93,2020 KIA SELTOS GTX + AT PETROL  ,"1,624,299",Non-Accidental,"2,787 km",NA,Valid upto Jan 20233rd Party,1st Owner,Petrol,MH-47-A-x-xxxx,January 2020,"2,787km (04 Jan 2022)"
94,2012 Mercedes Benz E Class E 200 AVANTGARDE MANUAL,"837,199",Non-Accidental,"99,312 km",MANUAL,Valid upto Jan 20233rd Party,2nd Owner,Petrol,MH-46-W-x-xxxx,November 2012,"99,312km (19 Jan 2022)"
95,2014 Maruti Celerio VXI  MANUAL,"420,099",Non-Accidental,"33,246 km",MANUAL,Valid upto Jul 2022Comp,1st Owner,Petrol,MH-14-E-x-xxxx,April 2014,"33,246km (28 Oct 2021)"
96,2017 Ford Ecosport 1.5 TITANIUM TI VCT MANUAL,"742,199",Non-Accidental,"37,025 km",MANUAL,Valid upto Jan 20233rd Party,1st Owner,Petrol,MH-12-N-x-xxxx,February 2017,"37,025km (15 Jan 2022)"
97,2019 KIA SELTOS GTX 1.4 GDI AT PETROL AUTOMATIC,"1,538,099",Non-Accidental,"20,989 km",AUTOMATIC,Valid upto Jan 20233rd Party,1st Owner,Petrol,MH-03-D-x-xxxx,August 2019,"20,989km (03 Jan 2022)"
98,2017 Renault Kwid RXT MANUAL,"318,399",Non-Accidental,"69,071 km",MANUAL,Valid upto Jan 20233rd Party,1st Owner,Petrol,MH-46-B-x-xxxx,March 2017,"69,071km (14 Jan 2022)"
99,2015 Maruti Swift VDI ABS MANUAL,"541,699",Non-Accidental,"82,274 km",MANUAL,Valid upto Jan 20233rd Party,1st Owner,Diesel,MH-12-M-x-xxxx,June 2015,"82,274km (10 Jan 2022)"
100,2017 Hyundai Elite i20 ASTA 1.2 MANUAL,"691,999",Non-Accidental,"11,775 km",MANUAL,Valid upto Jan 20233rd Party,1st Owner,Petrol,MH-05-D-x-xxxx,June 2017,"11,775km (08 Jan 2022)"
101,2017 Hyundai Elite i20 1.4 CRDI ASTA (O) MANUAL,"726,899",Non-Accidental,"91,251 km",MANUAL,Valid upto Jan 20233rd Party,1st Owner,Diesel,MH-14-G-x-xxxx,February 2017,"91,251km (11 Jan 2022)"
102,2019 Maruti S Cross ZETA SHVS MANUAL,"1,112,899",Non-Accidental,"21,538 km",MANUAL,Valid upto Jan 20233rd Party,1st Owner,Diesel,MH-05-E-x-xxxx,January 2019,"21,538km (15 Jan 2022)"
103,2018 Ford Ecosport 1.5 TITANIUM PLUS TI VCT AT MANUAL,"843,799",Non-Accidental,"20,741 km",MANUAL,Valid upto Jan 20233rd Party,1st Owner,Petrol,MH-15-G-x-xxxx,July 2018,"20,741km (22 Dec 2021)"
104,2018 Ford Ecosport TREND + 1.5 TI VCT AT ,"831,499",Non-Accidental,"12,488 km",NA,Valid upto Jan 20233rd Party,1st Owner,Petrol,MH-02-E-x-xxxx,February 2018,"12,488km (13 Jan 2022)"
105,2017 Ford Ecosport 1.5 TITANIUM TI VCT MANUAL,"738,199",Non-Accidental,"23,730 km",MANUAL,Valid upto Jan 20233rd Party,1st Owner,Petrol,MH-03-C-x-xxxx,July 2017,"23,730km (27 Dec 2021)"
106,2018 Maruti S Cross ZETA 1.3 SHVS ,"932,599",Non-Accidental,"36,002 km",NA,Valid upto Jan 20233rd Party,1st Owner,Diesel,MH-12-Q-x-xxxx,February 2018,"36,002km (30 Dec 2021)"
107,2018 Honda Amaze 1.2 V MT I-VTEC ,"609,099",Non-Accidental,"25,916 km",NA,Valid upto Dec 2022Comprehensive,2nd Owner,Petrol,MH-04-J-x-xxxx,June 2018,"25,916km (18 Jan 2022)"
108,2018 Maruti S Cross ALPHA SHVS MANUAL,"981,999",Non-Accidental,"41,232 km",MANUAL,Valid upto Jan 20233rd Party,1st Owner,Diesel,MH-12-Q-x-xxxx,June 2018,"41,232km (12 Nov 2021)"
109,2013 Maruti Ritz VXI BS IV MANUAL,"340,899",Non-Accidental,"21,445 km",MANUAL,Valid upto Sep 2022Comp,2nd Owner,Petrol,MH-12-K-x-xxxx,September 2013,"21,445km (18 Nov 2021)"
110,2020 MG HECTOR SMART DCT PETROL AUTOMATIC,"1,729,399",Non-Accidental,"9,047 km",AUTOMATIC,Valid upto Aug 2022Zero_Dep,1st Owner,Petrol,MH-05-E-x-xxxx,March 2020,"9,047km (08 Jan 2022)"
111,2012 Maruti Swift Dzire VXI 1.2 BS IV MANUAL,"440,299",Non-Accidental,"37,446 km",MANUAL,Valid upto Jun 2022Comp,2nd Owner,Petrol,MH-12-H-x-xxxx,May 2012,"37,446km (09 Nov 2021)"
112,2018 Toyota Innova Crysta 2.4 VX 8 STR MANUAL,"1,740,899",Non-Accidental,"43,187 km",MANUAL,Valid upto Jan 20233rd Party,1st Owner,Diesel,MH-05-D-x-xxxx,January 2018,"43,187km (31 Dec 2021)"
113,2017 Maruti Baleno DELTA 1.2 K12  MANUAL,"637,099",Non-Accidental,"37,509 km",MANUAL,Valid upto Jan 20233rd Party,1st Owner,Petrol,MH-04-H-x-xxxx,February 2017,"37,509km (17 Jan 2022)"
114,2019 Hyundai Creta 1.6 VTVT SX AUTO AUTOMATIC,"1,379,099",Non-Accidental,"43,980 km",AUTOMATIC,Valid upto Jan 20233rd Party,1st Owner,Petrol,MH-46-B-x-xxxx,November 2019,"43,980km (15 Dec 2021)"
115,2017 Maruti Baleno DELTA 1.2 K12  MANUAL,"626,199",Non-Accidental,"19,149 km",MANUAL,Valid upto Jan 20233rd Party,1st Owner,Petrol,MH-14-G-x-xxxx,March 2017,"19,149km (12 Nov 2021)"
116,2017 Ford Ecosport 1.5 TITANIUM TI VCT AT AUTOMATIC,"817,299",Non-Accidental,"25,988 km",AUTOMATIC,Valid upto Sep 2022Comp,2nd Owner,Petrol,MH-47-W-x-xxxx,March 2017,"25,988km (15 Jan 2022)"
117,2016 Ford Ecosport 1.5TITANIUM TDCI MANUAL,"702,799",Non-Accidental,"68,304 km",MANUAL,Valid upto Jan 20233rd Party,1st Owner,Diesel,MH-12-M-x-xxxx,February 2016,"68,304km (30 Dec 2021)"
118,2019 Hyundai Elite i20 1.2 SPORTS PLUS VTVT MANUAL,"754,699",Non-Accidental,"18,649 km",MANUAL,Valid upto Jan 20233rd Party,1st Owner,Petrol,MH-14-H-x-xxxx,October 2019,"18,649km (25 Sep 2021)"
119,2019 Hyundai Elite i20 1.2 SPORTS PLUS VTVT MANUAL,"778,099",Non-Accidental,"13,240 km",MANUAL,Valid upto Jul 2022Zero_Dep,1st Owner,Petrol,MH-12-R-x-xxxx,July 2019,"13,240km (01 Nov 2021)"
120,2016 Ford Ecosport 1.5 TREND TI VCT MANUAL,"660,299",Non-Accidental,"23,304 km",MANUAL,Valid upto Jul 2022Comp,1st Owner,Petrol,MH-12-N-x-xxxx,July 2016,"23,304km (11 Jan 2022)"
121,2019 Hyundai Creta 1.4 E PLUS CRDI MANUAL,"1,032,599",Non-Accidental,"61,173 km",MANUAL,Valid upto Jan 20233rd Party,2nd Owner,Diesel,MH-12-R-x-xxxx,April 2019,"61,173km (10 Jan 2022)"
122,2018 Hyundai NEW SANTRO SPORTZ 1.1 MANUAL,"495,799",Non-Accidental,"35,680 km",MANUAL,Valid upto Jan 20233rd Party,1st Owner,Petrol,MH-14-H-x-xxxx,November 2018,"35,680km (01 Nov 2021)"
123,2018 Maruti Vitara Brezza VDI AMT MANUAL,"882,299",Non-Accidental,"34,666 km",MANUAL,Valid upto Jan 20233rd Party,1st Owner,Diesel,MH-12-Q-x-xxxx,October 2018,"34,666km (16 Sep 2021)"
124,2014 Maruti Swift VDI MANUAL,"530,799",Non-Accidental,"46,166 km",MANUAL,Valid upto Jun 2022Comp,1st Owner,Diesel,MH-12-K-x-xxxx,June 2014,"46,166km (07 Jan 2022)"
125,2019 Maruti Baleno ZETA 1.2 K12 AMT  AUTOMATIC,"787,899",Non-Accidental,"13,984 km",AUTOMATIC,Valid upto Jun 2022Zero Depreciation,1st Owner,Petrol,MH-12-R-x-xxxx,May 2019,"13,984km (18 Jan 2022)"
126,2019 Maruti Baleno ALPHA 1.2 K12  MANUAL,"794,099",Non-Accidental,"7,028 km",MANUAL,Valid upto Jan 20233rd Party,1st Owner,Petrol,MH-14-H-x-xxxx,February 2019,"7,028km (30 Dec 2021)"
127,2018 Hyundai Creta 1.6 SX CRDI MANUAL,"1,190,699",Non-Accidental,"54,743 km",MANUAL,Valid upto Jan 20233rd Party,1st Owner,Diesel,MH-14-G-x-xxxx,March 2018,"54,743km (24 Nov 2021)"
128,2015 Maruti Wagon R 1.0 VXI MANUAL,"396,999",Non-Accidental,"67,888 km",MANUAL,Valid upto Oct 2022Comp,1st Owner,Petrol,MH-14-E-x-xxxx,July 2015,"67,888km (08 Jan 2022)"
129,2018 Hyundai Elite i20 Asta 1.2 CVT  ,"719,199",Non-Accidental,"16,170 km",NA,Valid upto Oct 2022Comp,1st Owner,Petrol,MH-47-A-x-xxxx,September 2018,"16,170km (29 Dec 2021)"
130,2019 Hyundai Elite i20 1.2  ASTA (O) CVT ,"953,499",Non-Accidental,"10,137 km",NA,Valid upto Nov 20223rd Party,1st Owner,Petrol,MH-14-H-x-xxxx,September 2019,"10,137km (08 Jan 2022)"
131,2012 Maruti Swift Dzire VXI 1.2 BS IV MANUAL,"402,999",Non-Accidental,"107,841 km",MANUAL,Valid upto Jan 20233rd Party,2nd Owner,Petrol,MH-05-B-x-xxxx,May 2012,"107,841km (05 Jan 2022)"
132,2018 Maruti Baleno DELTA 1.2 K12  MANUAL,"633,099",Non-Accidental,"32,522 km",MANUAL,Valid upto Oct 2022Comp,1st Owner,Petrol,MH-14-H-x-xxxx,September 2018,"32,522km (11 Jan 2022)"
133,2014 Maruti Swift VDI MANUAL,"492,399",Non-Accidental,"78,579 km",MANUAL,Valid upto Jan 20233rd Party,1st Owner,Diesel,MH-14-E-x-xxxx,April 2014,"78,579km (06 Nov 2021)"
134,2018 Maruti Vitara Brezza ZDI + AMT AUTOMATIC,"976,299",Non-Accidental,"83,103 km",AUTOMATIC,Valid upto Sep 2022Third_party,1st Owner,Diesel,MH-16-B-x-xxxx,September 2018,"83,103km (15 Nov 2021)"
135,2018 Maruti Vitara Brezza ZDI+ DUAL TONE AMT ,"960,599",Non-Accidental,"38,175 km",NA,Valid upto Jan 20233rd Party,1st Owner,Diesel,MH-12-Q-x-xxxx,May 2018,"38,175km (02 Dec 2021)"
136,2017 Maruti Swift VXI MANUAL,"565,499",Non-Accidental,"6,595 km",MANUAL,Valid upto Jan 20233rd Party,1st Owner,Petrol,MH-05-D-x-xxxx,November 2017,"6,595km (26 Dec 2021)"
137,2015 Hyundai Grand i10 ASTA 1.2 KAPPA VTVT MANUAL,"522,799",Non-Accidental,"12,030 km",MANUAL,Valid upto Jan 20233rd Party,1st Owner,Petrol,MH-12-M-x-xxxx,June 2015,"12,030km (03 Nov 2021)"
138,2013 Maruti Swift ZXI MANUAL,"477,299",Non-Accidental,"62,613 km",MANUAL,Valid upto Jan 20233rd Party,1st Owner,Petrol,MH-03-B-x-xxxx,December 2013,"62,613km (06 Jan 2022)"
139,2018 Maruti Baleno ZETA 1.2 K12  MANUAL,"652,699",Non-Accidental,"23,172 km",MANUAL,Valid upto Jan 20233rd Party,1st Owner,Petrol,MH-12-Q-x-xxxx,August 2018,"23,172km (18 Oct 2021)"
140,2015 Hyundai Grand i10 MAGNA 1.2 KAPPA VTVT MANUAL,"456,499",Non-Accidental,"33,678 km",MANUAL,Valid upto Jan 20233rd Party,1st Owner,Petrol,MH-12-M-x-xxxx,June 2015,"33,678km (20 Nov 2021)"
141,2017 Maruti Swift VDI MANUAL,"612,099",Non-Accidental,"23,547 km",MANUAL,Valid upto Jan 20233rd Party,1st Owner,Diesel,MH-47-W-x-xxxx,March 2017,"23,547km (24 Dec 2021)"
142,2014 Hyundai i20 SPORTZ 1.2 VTVT MANUAL,"444,899",Non-Accidental,"47,301 km",MANUAL,Valid upto Jan 20233rd Party,1st Owner,Petrol,MH-03-C-x-xxxx,July 2014,"47,301km (11 Dec 2021)"
143,2019 Hyundai NEW SANTRO 1.1 SPORTS AMT ,"585,099",Non-Accidental,"11,373 km",NA,Valid upto Oct 2022Third_party,2nd Owner,Petrol,MH-01-D-x-xxxx,August 2019,"11,373km (07 Jan 2022)"
144,2019 Maruti Vitara Brezza ZDI MANUAL,"909,299",Non-Accidental,"48,152 km",MANUAL,Valid upto May 2022Third_party,1st Owner,Diesel,MH-14-H-x-xxxx,April 2019,"48,152km (20 Sep 2021)"
145,2014 Maruti Wagon R 1.0 VXI MANUAL,"365,399",Non-Accidental,"73,032 km",MANUAL,Valid upto Jan 20233rd Party,1st Owner,Petrol,MH-12-K-x-xxxx,April 2014,"73,032km (08 Jan 2022)"
146,2019 Maruti Vitara Brezza VDI MANUAL,"863,999",Non-Accidental,"42,680 km",MANUAL,Valid upto Apr 2022Third_party,1st Owner,Diesel,MH-16-B-x-xxxx,January 2019,"42,680km (29 Oct 2021)"
147,2019 Maruti Vitara Brezza ZDI MANUAL,"933,099",Non-Accidental,"31,803 km",MANUAL,Valid upto Nov 2022Comp,1st Owner,Diesel,MH-14-H-x-xxxx,November 2019,"31,803km (01 Nov 2021)"
148,2016 Hyundai Grand i10 ASTA 1.2 (O) VTVT MANUAL,"503,799",Non-Accidental,"46,758 km",MANUAL,Valid upto Jan 20233rd Party,1st Owner,Petrol,MH-12-M-x-xxxx,February 2016,"46,758km (12 Jan 2022)"
149,2013 Hyundai i10 SPORTZ 1.2 AT KAPPA2 AUTOMATIC,"392,699",Non-Accidental,"49,751 km",AUTOMATIC,Valid upto Jan 20233rd Party,2nd Owner,Petrol,MH-14-D-x-xxxx,June 2013,"49,751km (10 Jan 2022)"
150,2018 Renault Kwid RXT Opt MANUAL,"395,199",Non-Accidental,"12,265 km",MANUAL,Valid upto Jan 20233rd Party,1st Owner,Petrol,MH-12-R-x-xxxx,December 2018,"12,265km (12 Jan 2022)"
151,2013 Hyundai i10 ASTA 1.2 AT KAPPA2 WITH SUNROOF AUTOMATIC,"458,299",Non-Accidental,"31,550 km",AUTOMATIC,Valid upto Jan 20233rd Party,1st Owner,Petrol,MH-12-L-x-xxxx,March 2013,"31,550km (28 Dec 2021)"
152,2016 Hyundai Grand i10 SPORTZ 1.2 KAPPA VTVT MANUAL,"503,699",Non-Accidental,"24,234 km",MANUAL,Valid upto Jan 20233rd Party,1st Owner,Petrol,MH-14-G-x-xxxx,November 2016,"24,234km (12 Oct 2021)"
153,2018 Ford Ecosport 1.5 TITANIUM PLUS TI VCT AT MANUAL,"948,799",Non-Accidental,"20,619 km",MANUAL,Valid upto Jan 20233rd Party,1st Owner,Petrol,MH-12-Q-x-xxxx,March 2018,"20,619km (03 Nov 2021)"
154,2016 Hyundai Grand i10 MAGNA 1.2 KAPPA VTVT MANUAL,"467,499",Non-Accidental,"40,829 km",MANUAL,Valid upto Jan 20233rd Party,1st Owner,Petrol,MH-12-N-x-xxxx,March 2016,"40,829km (13 Jan 2022)"
155,2019 Ford Ecosport 1.5 TITANIUM PLUS TI VCT AT MANUAL,"1,044,499",Non-Accidental,"22,773 km",MANUAL,Valid upto May 2022Zero_Dep,1st Owner,Petrol,MH-12-R-x-xxxx,April 2019,"22,773km (18 Jan 2022)"
156,2019 Ford Ecosport 1.5 TITANIUM PLUS TI VCT AT ,"1,025,299",Non-Accidental,"10,102 km",NA,Valid upto Jun 2022Third_party,1st Owner,Petrol,MH-12-R-x-xxxx,April 2019,"10,102km (28 Oct 2021)"
157,2016 Hyundai Grand i10 ASTA 1.2 (O) VTVT MANUAL,"502,899",Non-Accidental,"36,247 km",MANUAL,Valid upto May 2022Comp,2nd Owner,Petrol,MH-12-M-x-xxxx,March 2016,"36,247km (08 Nov 2021)"
158,2016 Maruti Celerio VDI  MANUAL,"411,799",Non-Accidental,"84,347 km",MANUAL,Valid upto Jan 20233rd Party,1st Owner,Diesel,MH-12-N-x-xxxx,November 2016,"84,347km (27 Oct 2021)"
159,2020 Renault Kwid RXT MANUAL,"423,899",Non-Accidental,"15,035 km",MANUAL,Valid upto Jul 2022Zero_Dep,1st Owner,Petrol,MH-46-B-x-xxxx,January 2020,"15,035km (11 Jan 2022)"
160,2019 Renault Kwid 1.0 CLIMBER OPT AMT ,"508,399",Non-Accidental,"24,701 km",NA,Valid upto Oct 2022Third_party,1st Owner,Petrol,MH-12-S-x-xxxx,September 2019,"24,701km (18 Jan 2022)"
161,2018 Maruti Celerio ZXI OPT AMT AUTOMATIC,"576,299",Non-Accidental,"4,321 km",AUTOMATIC,Valid upto May 2022Comprehensive,1st Owner,Petrol,MH-12-Q-x-xxxx,April 2018,"4,321km (18 Jan 2022)"
162,2014 Honda Brio 1.2 S MT I VTEC MANUAL,"369,399",Non-Accidental,"28,972 km",MANUAL,Valid upto Jan 20233rd Party,2nd Owner,Petrol,MH-12-L-x-xxxx,October 2014,"28,972km (07 Jan 2022)"
163,2019 Maruti Vitara Brezza ZDI PLUS MANUAL,"1,082,999",Non-Accidental,"20,925 km",MANUAL,Valid upto May 2022Third_party,1st Owner,Diesel,MH-14-H-x-xxxx,February 2019,"20,925km (13 Jan 2022)"
164,2017 Maruti Wagon R 1.0 VXI MANUAL,"396,799",Non-Accidental,"45,696 km",MANUAL,Valid upto Jan 20233rd Party,1st Owner,Petrol,MH-48-A-x-xxxx,October 2017,"45,696km (17 Dec 2021)"
165,2019 Maruti Baleno ZETA 1.2 K12  MANUAL,"711,199",Non-Accidental,"19,543 km",MANUAL,Valid upto Jan 20233rd Party,1st Owner,Petrol,MH-47-A-x-xxxx,October 2019,"19,543km (11 Jan 2022)"
166,2014 Maruti Alto K10 VXI  MANUAL,"269,899",Non-Accidental,"60,402 km",MANUAL,Valid upto Jan 20233rd Party,1st Owner,Petrol,MH-46-Z-x-xxxx,August 2014,"60,402km (10 Jan 2022)"
167,2016 Hyundai Grand i10 SPORTS 1.2 VTVT MANUAL,"433,499",Non-Accidental,"53,881 km",MANUAL,Valid upto Jan 20233rd Party,1st Owner,Petrol,MH-01-C-x-xxxx,June 2016,"53,881km (30 Dec 2021)"
168,2016 Maruti Wagon R 1.0 VXI AMT AUTOMATIC,"417,599",Non-Accidental,"59,288 km",AUTOMATIC,Valid upto Jan 20233rd Party,2nd Owner,Petrol,MH-12-M-x-xxxx,March 2016,"59,288km (08 Oct 2021)"
169,2017 Maruti Celerio VXI (O) MANUAL,"476,399",Non-Accidental,"36,719 km",MANUAL,Valid upto Aug 2022Comp,1st Owner,Petrol,MH-12-P-x-xxxx,August 2017,"36,719km (12 Jan 2022)"
170,2015 Maruti Alto 800 LXI MANUAL,"317,099",Non-Accidental,"4,562 km",MANUAL,Valid upto Sep 2022Comp,1st Owner,Petrol,MH-14-E-x-xxxx,January 2015,"4,562km (03 Nov 2021)"
171,2015 Honda Brio 1.2 S MT I VTEC MANUAL,"425,299",Non-Accidental,"30,642 km",MANUAL,Valid upto Sep 2022Comp,1st Owner,Petrol,MH-20-D-x-xxxx,April 2015,"30,642km (18 Jan 2022)"
172,2018 Maruti Eeco 5 STR WITH AC PLUSHTR MANUAL,"439,799",Non-Accidental,"23,573 km",MANUAL,Valid upto Jun 2022Comp,1st Owner,Petrol,MH-03-C-x-xxxx,May 2018,"23,573km (18 Jan 2022)"
173,2014 Maruti Wagon R 1.0 VXI MANUAL,"395,399",Non-Accidental,"20,071 km",MANUAL,Valid upto Jan 20233rd Party,1st Owner,Petrol,MH-48-S-x-xxxx,August 2014,"20,071km (12 Jan 2022)"
174,2018 Maruti Alto K10 VXI (O) AMT MANUAL,"410,699",Non-Accidental,"33,990 km",MANUAL,Valid upto Jan 20233rd Party,1st Owner,Petrol,MH-12-Q-x-xxxx,February 2018,"33,990km (15 Nov 2021)"
175,2016 Maruti Alto 800 LXI MANUAL,"317,099",Non-Accidental,"28,544 km",MANUAL,Valid upto Jun 2022Comp,1st Owner,Petrol,MH-14-F-x-xxxx,March 2016,"28,544km (11 Jan 2022)"
176,2017 Maruti Alto K10 VXI  MANUAL,"352,899",Non-Accidental,"33,040 km",MANUAL,Valid upto Jan 20233rd Party,1st Owner,Petrol,MH-12-P-x-xxxx,November 2017,"33,040km (09 Nov 2021)"
177,2018 Maruti Alto 800 LXI MANUAL,"317,099",Non-Accidental,"8,465 km",MANUAL,Valid upto Jun 2022Third_party,1st Owner,Petrol,MH-08-A-x-xxxx,October 2018,"8,465km (15 Jan 2022)"
178,2018 Maruti Alto K10 VXI (O) AMT MANUAL,"433,299",Non-Accidental,"14,899 km",MANUAL,Valid upto Jan 20233rd Party,1st Owner,Petrol,MH-12-Q-x-xxxx,February 2018,"14,899km (16 Nov 2021)"
179,2015 Maruti Alto K10 VXI  MANUAL,"365,599",Non-Accidental,"29,373 km",MANUAL,Valid upto Jan 20233rd Party,1st Owner,Petrol,MH-12-M-x-xxxx,December 2015,"29,373km (30 Dec 2021)"
180,2017 Maruti Alto K10 VXI  MANUAL,"363,399",Non-Accidental,"24,860 km",MANUAL,Valid upto Aug 2022Third Party,1st Owner,Petrol,MH-14-G-x-xxxx,February 2017,"24,860km (22 Oct 2021)"
181,2018 Maruti Alto 800 LXI MANUAL,"348,799",Non-Accidental,"21,236 km",MANUAL,Valid upto Jan 20233rd Party,1st Owner,Petrol,MH-12-Q-x-xxxx,October 2018,"21,236km (06 Dec 2021)"
182,2017 Maruti Alto 800 LXI MANUAL,"320,999",Non-Accidental,"18,797 km",MANUAL,Valid upto Jan 20233rd Party,1st Owner,Petrol,MH-12-N-x-xxxx,January 2017,"18,797km (15 Nov 2021)"
183,2017 Maruti Alto 800 LXI MANUAL,"320,999",Non-Accidental,"22,244 km",MANUAL,Valid upto Jul 2022Comp,1st Owner,Petrol,MH-12-P-x-xxxx,July 2017,"22,244km (15 Nov 2021)"
184,2017 Maruti Alto 800 LXI OPT MANUAL,"320,099",Non-Accidental,"54,305 km",MANUAL,Valid upto Jan 20233rd Party,1st Owner,Petrol,MH-14-G-x-xxxx,May 2017,"54,305km (08 Jan 2022)"
185,2017 Maruti Alto 800 LXI MANUAL,"320,999",Non-Accidental,"11,721 km",MANUAL,Valid upto Jan 20233rd Party,1st Owner,Petrol,MH-12-P-x-xxxx,April 2017,"11,721km (11 Jan 2022)"
186,2018 Maruti Alto 800 VXI MANUAL,"330,999",Non-Accidental,"4,575 km",MANUAL,Valid upto Jan 20233rd Party,1st Owner,Petrol,MH-02-E-x-xxxx,March 2018,"4,575km (14 Dec 2021)"
187,2015 Maruti Alto K10 VXI  MANUAL,"343,499",Non-Accidental,"12,341 km",MANUAL,Valid upto Jan 20233rd Party,2nd Owner,Petrol,MH-14-E-x-xxxx,February 2015,"12,341km (28 Dec 2021)"
188,2017 Maruti Alto K10 VXI (O) AMT ,"398,599",Non-Accidental,"29,955 km",NA,Valid upto Jan 20233rd Party,1st Owner,Petrol,MH-14-G-x-xxxx,February 2017,"29,955km (07 Jan 2022)"
189,2016 Maruti Ciaz ZDI SHVS HYBIRD MANUAL,"713,299",Non-Accidental,"66,746 km",MANUAL,Valid upto Jan 20233rd Party,1st Owner,Diesel,MH-12-N-x-xxxx,September 2016,"66,746km (15 Jan 2022)"
190,2014 Maruti Swift VXI MANUAL,"450,499",Non-Accidental,"57,989 km",MANUAL,Valid upto Jan 20233rd Party,1st Owner,Petrol,MH-28-V-x-xxxx,December 2014,"57,989km (15 Dec 2021)"
191,2013 Honda Amaze 1.5 SMT I DTEC MANUAL,"422,399",Non-Accidental,"39,054 km",MANUAL,Valid upto Jun 2022Third_party,2nd Owner,Diesel,MH-02-C-x-xxxx,May 2013,"39,054km (19 Jan 2022)"
192,2017 Maruti Celerio ZXI  MANUAL,"486,499",Non-Accidental,"4,520 km",MANUAL,Valid upto Jan 20233rd Party,1st Owner,Petrol,MH-01-C-x-xxxx,November 2017,"4,520km (18 Nov 2021)"
193,2014 Honda Amaze 1.2 SMT I VTEC MANUAL,"429,399",Non-Accidental,"53,331 km",MANUAL,Valid upto Jan 20233rd Party,1st Owner,Petrol,MH-01-B-x-xxxx,July 2014,"53,331km (10 Jan 2022)"
194,2016 Maruti Baleno DELTA 1.2 K12  MANUAL,"597,299",Non-Accidental,"21,057 km",MANUAL,Valid upto Jan 20233rd Party,1st Owner,Petrol,MH-12-N-x-xxxx,September 2016,"21,057km (18 Nov 2021)"
195,2013 Maruti Alto 800 LXI MANUAL,"249,899",Non-Accidental,"10,646 km",MANUAL,Valid upto Jul 2022Comp,2nd Owner,Petrol,MH-02-D-x-xxxx,October 2013,"10,646km (10 Jan 2022)"
196,2018 Hyundai Elite i20 SPORTZ 1.2 MANUAL,"693,799",Non-Accidental,"13,169 km",MANUAL,Valid upto Jul 2022Comp,1st Owner,Petrol,MH-14-G-x-xxxx,February 2018,"13,169km (18 Jan 2022)"
197,2015 Maruti Alto 800 VXI MANUAL,"261,899",Non-Accidental,"23,261 km",MANUAL,Valid upto Aug 2022Third_party,1st Owner,Petrol,MH-04-G-x-xxxx,July 2015,"23,261km (03 Jan 2022)"
198,2019 Maruti Baleno ZETA 1.2 K12  MANUAL,"748,499",Non-Accidental,"19,449 km",MANUAL,Valid upto Aug 2022Comprehensive,1st Owner,Petrol,MH-14-H-x-xxxx,July 2019,"19,449km (20 Jan 2022)"
199,2013 Hyundai i10 SPORTZ 1.2 AT KAPPA2 AUTOMATIC,"401,399",Non-Accidental,"27,658 km",AUTOMATIC,Valid upto Jan 20233rd Party,2nd Owner,Petrol,MH-12-K-x-xxxx,August 2013,"27,658km (18 Jan 2022)"
200,2013 Maruti Wagon R Stingray VXI MANUAL,"380,299",Non-Accidental,"11,826 km",MANUAL,Valid upto Jan 20233rd Party,1st Owner,Petrol,MH-12-K-x-xxxx,September 2013,"11,826km (26 Oct 2021)"
201,2016 Honda BR-V 1.5 i-VTEC V CVT AUTOMATIC,"751,099",Non-Accidental,"35,112 km",AUTOMATIC,Valid upto Jan 20233rd Party,1st Owner,Petrol,MH-01-C-x-xxxx,October 2016,"35,112km (12 Jan 2022)"
202,2010 Hyundai i10 MAGNA 1.2 KAPPA2 MANUAL,"234,699",Non-Accidental,"41,923 km",MANUAL,Valid upto Jan 20233rd Party,2nd Owner,Petrol,MH-02-B-x-xxxx,July 2010,"41,923km (09 Dec 2021)"
203,2017 Hyundai Creta 1.6 SX PLUS AUTO PETROL AUTOMATIC,"1,080,099",Non-Accidental,"30,733 km",AUTOMATIC,Valid upto Jun 2022Zero_Dep,1st Owner,Petrol,MH-12-P-x-xxxx,June 2017,"30,733km (05 Jan 2022)"
204,2017 Maruti Alto 800 LXI MANUAL,"320,999",Non-Accidental,"12,393 km",MANUAL,Valid upto May 2022Third_party,1st Owner,Petrol,MH-12-P-x-xxxx,March 2017,"12,393km (23 Sep 2021)"
205,2016 Renault Kwid RXT MANUAL,"309,599",Non-Accidental,"30,377 km",MANUAL,Valid upto Jan 20233rd Party,1st Owner,Petrol,MH-14-F-x-xxxx,January 2016,"30,377km (01 Dec 2021)"
206,2014 Ford Ecosport 1.5 AMBIENTE TDCI MANUAL,"396,699",Non-Accidental,"145,347 km",MANUAL,Valid upto Jan 20233rd Party,2nd Owner,Diesel,MH-46-Z-x-xxxx,May 2014,"145,347km (06 Dec 2021)"
207,2016 Hyundai Elite i20 1.4 CRDI ASTA (O) MANUAL,"644,499",Non-Accidental,"45,565 km",MANUAL,Valid upto Jan 20233rd Party,1st Owner,Diesel,MH-43-B-x-xxxx,September 2016,"45,565km (08 Jan 2022)"
208,2017 Maruti Dzire VXI AMT AUTOMATIC,"607,899",Non-Accidental,"67,513 km",AUTOMATIC,Valid upto Jan 20233rd Party,1st Owner,Petrol,MH-14-G-x-xxxx,December 2017,"67,513km (11 Nov 2021)"
209,2019 Hyundai VENUE 1.4 CRDI S MT MANUAL,"932,799",Non-Accidental,"11,482 km",MANUAL,Valid upto Jul 2022Third_party,1st Owner,Diesel,MH-48-B-x-xxxx,June 2019,"11,482km (24 Dec 2021)"
210,2014 Maruti Celerio VXI AMT AUTOMATIC,"378,599",Non-Accidental,"15,647 km",AUTOMATIC,Valid upto Jan 20233rd Party,1st Owner,Petrol,MH-12-L-x-xxxx,October 2014,"15,647km (25 Sep 2021)"
211,2018 Jeep Compass LIMITED O 1.4 AT AUTOMATIC,"1,496,799",Non-Accidental,"25,460 km",AUTOMATIC,Valid upto Jan 20233rd Party,2nd Owner,Petrol,MH-04-J-x-xxxx,June 2018,"25,460km (06 Nov 2021)"
212,2018 Maruti Swift VXI MANUAL,"558,999",Non-Accidental,"55,842 km",MANUAL,Valid upto Jan 20233rd Party,1st Owner,Petrol,MH-48-B-x-xxxx,October 2018,"55,842km (28 Dec 2021)"
213,2016 Maruti Wagon R Stingray VXI MANUAL,"426,999",Non-Accidental,"32,600 km",MANUAL,Valid upto May 2022Comp,1st Owner,Petrol,MH-12-M-x-xxxx,April 2016,"32,600km (05 Nov 2021)"
214,2019 Maruti Vitara Brezza ZDI PLUS MANUAL,"964,099",Non-Accidental,"20,552 km",MANUAL,Valid upto Jan 20233rd Party,1st Owner,Diesel,MH-12-R-x-xxxx,January 2019,"20,552km (25 Dec 2021)"
215,2018 Ford Ecosport 1.5TITANIUM TDCI MANUAL,"891,699",Non-Accidental,"14,643 km",MANUAL,Valid upto Jan 20233rd Party,1st Owner,Diesel,MH-12-Q-x-xxxx,April 2018,"14,643km (23 Dec 2021)"
216,2014 Maruti Swift VXI MANUAL,"448,699",Non-Accidental,"37,288 km",MANUAL,Valid upto Aug 2022Comp,1st Owner,Petrol,MH-46-Z-x-xxxx,August 2014,"37,288km (06 Jan 2022)"
217,2015 Maruti Wagon R 1.0 LXI CNG MANUAL,"402,199",Non-Accidental,"52,635 km",MANUAL,Valid upto Jan 20233rd Party,1st Owner,Petrol + CNG,MH-02-D-x-xxxx,February 2015,"52,635km (12 Jan 2022)"
218,2016 Maruti Celerio ZDI MANUAL,"414,699",Non-Accidental,"30,840 km",MANUAL,Valid upto Jan 20233rd Party,1st Owner,Diesel,MH-02-E-x-xxxx,May 2016,"30,840km (31 Dec 2021)"
219,2017 Maruti Ertiga VDI SHVS MANUAL,"799,699",Non-Accidental,"93,844 km",MANUAL,Valid upto Jan 20233rd Party,1st Owner,Diesel,MH-12-N-x-xxxx,March 2017,"93,844km (02 Nov 2021)"
220,2016 Maruti Celerio VXI AMT AUTOMATIC,"391,285",Non-Accidental,"34,999 km",AUTOMATIC,Valid upto Jan 20233rd Party,2nd Owner,Petrol,MH-04-H-x-xxxx,May 2016,"34,999km (02 Jan 2022)"
221,2017 Hyundai Verna 1.6 SX VTVT MANUAL,"755,699",Non-Accidental,"32,920 km",MANUAL,Valid upto Nov 2022Comp,1st Owner,Petrol,MH-04-J-x-xxxx,September 2017,"32,920km (20 Jan 2022)"
222,2016 Tata Tiago XZ 1.2 REVOTRON MANUAL,"432,399",Non-Accidental,"72,212 km",MANUAL,Valid upto Oct 2022Comp,1st Owner,Petrol,MH-12-M-x-xxxx,April 2016,"72,212km (17 Jan 2022)"
223,2017 Maruti Baleno DELTA 1.2 K12  MANUAL,"569,399",Non-Accidental,"60,665 km",MANUAL,Valid upto Aug 2022Comp,2nd Owner,Petrol + CNG,MH-12-P-x-xxxx,August 2017,"60,665km (07 Oct 2021)"
224,2016 Hyundai Creta 1.6 SX PLUS AUTO PETROL AUTOMATIC,"1,000,799",Non-Accidental,"39,166 km",AUTOMATIC,Valid upto Oct 2022Comp,1st Owner,Petrol,MH-46-A-x-xxxx,October 2016,"39,166km (15 Jan 2022)"
225,2020 Maruti Swift VXI MANUAL,"639,999",Non-Accidental,"16,286 km",MANUAL,Valid upto Jan 20233rd Party,1st Owner,Petrol,MH-04-K-x-xxxx,June 2020,"16,286km (26 Nov 2021)"
226,2018 Ford Ecosport 1.5 TITANIUM TI VCT MANUAL,"799,299",Non-Accidental,"8,925 km",MANUAL,Valid upto Jan 20233rd Party,1st Owner,Petrol,MH-48-B-x-xxxx,August 2018,"8,925km (04 Jan 2022)"
227,2017 Hyundai Grand i10 SPORTZ 1.2 KAPPA VTVT MANUAL,"549,399",Non-Accidental,"46,375 km",MANUAL,Valid upto May 2022Comp,1st Owner,Petrol,MH-12-Q-x-xxxx,September 2017,"46,375km (08 Jan 2022)"
228,2018 Hyundai Creta 1.4 E PLUS CRDI MANUAL,"763,805",Non-Accidental,"48,945 km",MANUAL,Valid upto Jan 20233rd Party,3rd Owner,Diesel,MH-12-Q-x-xxxx,April 2018,"48,945km (17 Aug 2021)"
229,2014 Volkswagen Polo HIGHLINE1.2L PETROL MANUAL,"436,199",Non-Accidental,"26,371 km",MANUAL,Valid upto Jun 2022Comp,1st Owner,Petrol,MH-04-G-x-xxxx,January 2014,"26,371km (12 Jan 2022)"
230,2018 Maruti Ciaz ALPHA 1.3 DDIS SHVS  MANUAL,"835,599",Non-Accidental,"15,511 km",MANUAL,Valid upto Jan 20233rd Party,1st Owner,Diesel,MH-04-J-x-xxxx,August 2018,"15,511km (31 Dec 2021)"
231,2015 Hyundai Creta 1.6 SX (O) CRDI MANUAL,"913,399",Non-Accidental,"41,506 km",MANUAL,Valid upto Jan 20233rd Party,1st Owner,Diesel,MH-05-C-x-xxxx,September 2015,"41,506km (08 Jan 2022)"
232,2016 Hyundai Elite i20 SPORTZ 1.2 MANUAL,"546,399",Non-Accidental,"56,445 km",MANUAL,Valid upto Jan 20233rd Party,2nd Owner,Petrol,MH-04-H-x-xxxx,April 2016,"56,445km (17 Jan 2022)"
233,2016 Hyundai Elite i20 1.4 CRDI ASTA (O) MANUAL,"646,299",Non-Accidental,"97,318 km",MANUAL,Valid upto Jan 20233rd Party,1st Owner,Diesel,MH-14-F-x-xxxx,July 2016,"97,318km (07 Jan 2022)"
234,2015 Hyundai Elite i20 ASTA 1.2 MANUAL,"578,199",Non-Accidental,"51,851 km",MANUAL,Valid upto Jan 20233rd Party,1st Owner,Petrol,MH-12-L-x-xxxx,February 2015,"51,851km (01 Nov 2021)"
235,2016 Hyundai Elite i20 ASTA 1.2 (O) MANUAL,"579,599",Non-Accidental,"44,528 km",MANUAL,Valid upto Aug 2022Comp,3rd Owner,Petrol,MH-12-N-x-xxxx,June 2016,"44,528km (15 Nov 2021)"
236,2014 Honda Amaze 1.5 SX MT I DTEC MANUAL,"466,199",Non-Accidental,"62,672 km",MANUAL,Valid upto Jan 20233rd Party,1st Owner,Diesel,MH-12-K-x-xxxx,February 2014,"62,672km (23 Dec 2021)"
237,2015 Hyundai Elite i20 MAGNA 1.2 MANUAL,"526,199",Non-Accidental,"7,448 km",MANUAL,Valid upto Jan 20233rd Party,1st Owner,Petrol,MH-02-D-x-xxxx,March 2015,"7,448km (10 Jan 2022)"
238,2016 Maruti Baleno DELTA DDIS 190  MANUAL,"545,799",Non-Accidental,"162,864 km",MANUAL,Valid upto Jan 20233rd Party,1st Owner,Diesel,MH-01-C-x-xxxx,April 2016,"162,864km (31 Dec 2021)"
239,2018 Maruti Dzire VDI MANUAL,"757,299",Non-Accidental,"64,285 km",MANUAL,Valid upto Jan 20233rd Party,1st Owner,Diesel,MH-14-G-x-xxxx,February 2018,"64,285km (07 Sep 2021)"
240,2018 Maruti Dzire ZDI MANUAL,"819,999",Non-Accidental,"26,367 km",MANUAL,Valid upto Jan 20233rd Party,1st Owner,Diesel,MH-01-D-x-xxxx,September 2018,"26,367km (09 Nov 2021)"
241,2014 Hyundai Grand i10 MAGNA 1.2 KAPPA VTVT MANUAL,"415,499",Non-Accidental,"52,072 km",MANUAL,Valid upto Apr 2022Comp,1st Owner,Petrol,MH-08-Z-x-xxxx,March 2014,"52,072km (15 Nov 2021)"
242,2015 Honda Jazz 1.2 V MT  MANUAL,"497,799",Non-Accidental,"49,463 km",MANUAL,Valid upto Jan 20233rd Party,1st Owner,Petrol,MH-43-A-x-xxxx,June 2015,"49,463km (10 Jan 2022)"
243,2012 Maruti Swift ZDI MANUAL,"413,099",Non-Accidental,"120,642 km",MANUAL,Valid upto Jan 20233rd Party,1st Owner,Diesel,MH-12-J-x-xxxx,June 2012,"120,642km (09 Dec 2021)"
244,2015 Maruti Celerio ZXI AMT AUTOMATIC,"450,199",Non-Accidental,"14,477 km",AUTOMATIC,Valid upto Jan 20233rd Party,1st Owner,Petrol,MH-01-C-x-xxxx,December 2015,"14,477km (03 Jan 2022)"
245,2013 Maruti Swift Dzire VDI BS IV MANUAL,"532,199",Non-Accidental,"74,296 km",MANUAL,Valid upto Jan 20233rd Party,1st Owner,Diesel,MH-14-E-x-xxxx,October 2013,"74,296km (18 Oct 2021)"
246,2018 Ford Ecosport TREND + 1.5 TI VCT AT MANUAL,"726,699",Non-Accidental,"20,282 km",MANUAL,Valid upto Jan 20233rd Party,2nd Owner,Petrol,MH-03-C-x-xxxx,February 2018,"20,282km (27 Dec 2021)"
247,2018 Maruti Ciaz ALPHA 1.3 DDIS SHVS  MANUAL,"920,799",Non-Accidental,"28,637 km",MANUAL,Valid upto Jan 20233rd Party,1st Owner,Diesel,MH-43-B-x-xxxx,September 2018,"28,637km (01 Jan 2022)"
248,2018 Maruti Swift VDI MANUAL,"650,699",Non-Accidental,"65,877 km",MANUAL,Valid upto Jan 20233rd Party,1st Owner,Diesel,MH-48-A-x-xxxx,February 2018,"65,877km (28 Dec 2021)"
249,2016 Maruti Swift Dzire VXI 1.2 BS IV MANUAL,"534,199",Non-Accidental,"30,173 km",MANUAL,Valid upto Jan 2023Comp,1st Owner,Petrol,MH-04-H-x-xxxx,April 2016,"30,173km (25 Oct 2021)"
250,2014 Maruti Swift Dzire VXI 1.2 BS IV MANUAL,"432,799",Non-Accidental,"30,601 km",MANUAL,Valid upto Jan 20233rd Party,2nd Owner,Petrol,MH-02-D-x-xxxx,December 2014,"30,601km (02 Jan 2022)"
251,2019 Hyundai NEW SANTRO SPORTZ 1.1 ,"570,599",Non-Accidental,"2,639 km",NA,Valid upto Jan 20233rd Party,1st Owner,Petrol,MH-12-S-x-xxxx,December 2019,"2,639km (29 Nov 2021)"
252,2013 Maruti Swift ZXI MANUAL,"452,999",Non-Accidental,"98,145 km",MANUAL,Valid upto Jan 20233rd Party,1st Owner,Petrol,MH-14-D-x-xxxx,February 2013,"98,145km (22 Dec 2021)"
253,2018 Maruti Baleno ZETA 1.2 K12  MANUAL,"658,299",Non-Accidental,"19,481 km",MANUAL,Valid upto Jan 20233rd Party,1st Owner,Petrol,MH-12-P-x-xxxx,January 2018,"19,481km (05 Oct 2021)"
254,2015 Maruti Swift VXI MANUAL,"464,299",Non-Accidental,"23,737 km",MANUAL,Valid upto Jan 20233rd Party,1st Owner,Petrol,MH-47-A-x-xxxx,August 2015,"23,737km (24 Dec 2021)"
255,2015 Hyundai Eon ERA PLUS MANUAL,"315,999",Non-Accidental,"36,812 km",MANUAL,Valid upto May 2022Comp,1st Owner,Petrol,MH-06-B-x-xxxx,March 2015,"36,812km (03 Jan 2022)"
256,2018 Maruti Celerio VXI  MANUAL,"522,699",Non-Accidental,"15,478 km",MANUAL,Valid upto May 2022Third_party,1st Owner,Petrol,MH-14-H-x-xxxx,October 2018,"15,478km (23 Oct 2021)"
257,2014 Maruti Wagon R 1.0 VXI MANUAL,"369,899",Non-Accidental,"24,050 km",MANUAL,Valid upto Oct 2022Third_party,1st Owner,Petrol,MH-46-A-x-xxxx,July 2014,"24,050km (25 Nov 2021)"
258,2018 Hyundai Grand i10 SPORTS 1.2 VTVT MANUAL,"540,399",Non-Accidental,"14,840 km",MANUAL,Valid upto Jul 2022Comp,1st Owner,Petrol,MH-48-A-x-xxxx,June 2018,"14,840km (27 Dec 2021)"
259,2018 Maruti Alto K10 VXI (O) AMT MANUAL,"401,099",Non-Accidental,"14,908 km",MANUAL,Valid upto Jan 20233rd Party,3rd Owner,Petrol,MH-14-G-x-xxxx,June 2018,"14,908km (13 Nov 2021)"
260,2017 Maruti Alto 800 LXI MANUAL,"320,999",Non-Accidental,"15,575 km",MANUAL,Valid upto Jan 20233rd Party,1st Owner,Petrol,MH-12-P-x-xxxx,July 2017,"15,575km (31 Oct 2021)"
261,2015 Skoda Superb ELEGANCE 1.8 TSI MT MANUAL,"794,599",Non-Accidental,"54,465 km",MANUAL,Valid upto Jan 20233rd Party,1st Owner,Petrol,MH-03-B-x-xxxx,April 2015,"54,465km (09 Dec 2021)"
262,2015 Maruti Wagon R 1.0 VXI MANUAL,"371,499",Non-Accidental,"20,579 km",MANUAL,Valid upto Jan 20233rd Party,1st Owner,Petrol,MH-05-C-x-xxxx,March 2015,"20,579km (13 Jan 2022)"
263,2017 Maruti Swift VXI LIMITED EDITION MANUAL,"489,699",Non-Accidental,"28,108 km",MANUAL,Valid upto Jan 20233rd Party,1st Owner,Petrol,MH-05-D-x-xxxx,October 2017,"28,108km (13 Jan 2022)"
264,2014 Honda Amaze 1.5 SMT I DTEC MANUAL,"409,899",Non-Accidental,"80,958 km",MANUAL,Valid upto Jan 20233rd Party,1st Owner,Diesel,MH-04-G-x-xxxx,March 2014,"80,958km (27 Dec 2021)"
265,2017 Toyota Fortuner 2.8 4x2 MT MANUAL,"2,206,899",Non-Accidental,"45,399 km",MANUAL,Valid upto Jan 20233rd Party,1st Owner,Diesel,MH-02-E-x-xxxx,October 2017,"45,399km (29 Oct 2021)"
266,2014 Volkswagen Polo HIGHLINE1.2L PETROL MANUAL,"455,899",Non-Accidental,"54,781 km",MANUAL,Valid upto Jan 20233rd Party,1st Owner,Petrol,MH-12-L-x-xxxx,June 2014,"54,781km (29 Dec 2021)"
267,2015 BMW 3 Series 320D LUXURYLINE AUTOMATIC,"1,393,199",Non-Accidental,"95,239 km",AUTOMATIC,Valid upto Jan 20233rd Party,1st Owner,Diesel,MH-43-A-x-xxxx,June 2015,"95,239km (15 Jan 2022)"
268,2017 Maruti Ertiga ZDI PLUS SHVS MANUAL,"855,299",Non-Accidental,"40,062 km",MANUAL,Valid upto Jan 20233rd Party,2nd Owner,Diesel,MH-48-A-x-xxxx,June 2017,"40,062km (30 Nov 2021)"
269,2014 Maruti Alto 800 LXI MANUAL,"244,299",Non-Accidental,"114,574 km",MANUAL,Valid upto Jan 20233rd Party,2nd Owner,Petrol,MH-12-L-x-xxxx,September 2014,"114,574km (08 Oct 2021)"
270,2017 Maruti Ertiga ZDI PLUS SHVS MANUAL,"860,299",Non-Accidental,"15,427 km",MANUAL,Valid upto Jan 20233rd Party,1st Owner,Diesel,MH-01-C-x-xxxx,December 2017,"15,427km (28 Dec 2021)"
271,2013 Maruti Ertiga ZDI MANUAL,"499,599",Non-Accidental,"160,852 km",MANUAL,Valid upto Jan 20233rd Party,2nd Owner,Diesel,MH-02-C-x-xxxx,March 2013,"160,852km (15 Jan 2022)"
272,2014 Ford Ecosport 1.5 TITANIUM TI VCT AT AUTOMATIC,"563,799",Non-Accidental,"42,768 km",AUTOMATIC,Valid upto Jan 20233rd Party,1st Owner,Petrol,MH-04-G-x-xxxx,November 2014,"42,768km (15 Dec 2021)"
273,2015 Hyundai Creta 1.6 SX (O) CRDI MANUAL,"782,699",Non-Accidental,"99,645 km",MANUAL,Valid upto Jan 20233rd Party,1st Owner,Diesel,MH-05-C-x-xxxx,July 2015,"99,645km (30 Nov 2021)"
274,2014 Toyota Corolla Altis  VL AT AUTOMATIC,"941,799",Non-Accidental,"60,686 km",AUTOMATIC,Valid upto Jan 20233rd Party,1st Owner,Petrol,MH-12-L-x-xxxx,July 2014,"60,686km (23 Dec 2021)"
275,2015 Hyundai Elite i20 MAGNA 1.4 CRDI MANUAL,"529,299",Non-Accidental,"42,107 km",MANUAL,Valid upto Jan 20233rd Party,1st Owner,Diesel,MH-05-C-x-xxxx,December 2015,"42,107km (12 Nov 2021)"
276,2014 Honda Amaze 1.5 SMT I DTEC MANUAL,"419,499",Non-Accidental,"93,230 km",MANUAL,Valid upto Jul 2022Comp,1st Owner,Diesel,MH-14-E-x-xxxx,June 2014,"93,230km (05 Jan 2022)"
277,2019 Renault TRIBER 1.0 RXZ  MANUAL,"649,699",Non-Accidental,"25,688 km",MANUAL,Valid upto Oct 2022Third_party,1st Owner,Petrol,MH-14-H-x-xxxx,September 2019,"25,688km (28 Oct 2021)"
278,2014 Maruti Celerio VXI  MANUAL,"375,799",Non-Accidental,"14,283 km",MANUAL,Valid upto Jan 20233rd Party,1st Owner,Petrol,MH-31-E-x-xxxx,September 2014,"14,283km (23 Dec 2021)"
279,2017 Maruti Baleno ZETA DDIS 190  MANUAL,"588,699",Non-Accidental,"100,623 km",MANUAL,Valid upto Jan 20233rd Party,1st Owner,Diesel,MH-14-G-x-xxxx,May 2017,"100,623km (17 Jan 2022)"
280,2013 Hyundai i20 SPORTZ 1.2 VTVT MANUAL,"433,599",Non-Accidental,"81,549 km",MANUAL,Valid upto Aug 2022Comp,1st Owner,Petrol,MH-12-J-x-xxxx,May 2013,"81,549km (18 Dec 2021)"
281,2016 Maruti Wagon R 1.0 VXI AMT AUTOMATIC,"366,999",Non-Accidental,"46,629 km",AUTOMATIC,Valid upto Jan 20233rd Party,1st Owner,Petrol,MH-47-K-x-xxxx,June 2016,"46,629km (04 Jan 2022)"
282,2015 Hyundai Eon ERA PLUS MANUAL,"318,799",Non-Accidental,"20,745 km",MANUAL,Valid upto Jul 2022Third_party,1st Owner,Petrol,MH-46-A-x-xxxx,September 2015,"20,745km (03 Jan 2022)"
283,2017 Maruti Alto 800 LXI MANUAL,"334,199",Non-Accidental,"10,049 km",MANUAL,Valid upto May 2022Comp,1st Owner,Petrol,MH-47-W-x-xxxx,February 2017,"10,049km (21 Dec 2021)"
284,2011 Volkswagen Vento HIGHLINE DIESEL MANUAL,"307,199",Non-Accidental,"171,568 km",MANUAL,Valid upto Jan 20233rd Party,2nd Owner,Diesel,MH-03-A-x-xxxx,June 2011,"171,568km (19 Jan 2022)"
285,2011 Volkswagen Vento HIGHLINE DIESEL MANUAL,"331,099",Non-Accidental,"79,484 km",MANUAL,Valid upto Jan 20233rd Party,1st Owner,Diesel,MH-02-C-x-xxxx,December 2011,"79,484km (30 Nov 2021)"
286,2013 Maruti Swift VXI MANUAL,"402,899",Non-Accidental,"36,088 km",MANUAL,Valid upto Jan 20233rd Party,1st Owner,Petrol,MH-48-S-x-xxxx,November 2013,"36,088km (23 Dec 2021)"
287,2013 Maruti Alto 800 VXI MANUAL,"228,198",Non-Accidental,"10,126 km",MANUAL,Valid upto Jan 20233rd Party,1st Owner,Petrol,MH-43-A-x-xxxx,July 2013,"10,126km (27 Dec 2021)"
288,2017 Renault Kwid CLIMBER 1.0 AT MANUAL,"388,299",Non-Accidental,"9,644 km",MANUAL,Valid upto Jan 20233rd Party,1st Owner,Petrol,MH-04-H-x-xxxx,March 2017,"9,644km (06 Dec 2021)"
289,2015 Honda City V MT PETROL MANUAL,"565,399",Non-Accidental,"150,305 km",MANUAL,Valid upto Jan 20233rd Party,1st Owner,Petrol,MH-14-F-x-xxxx,October 2015,"150,305km (24 Nov 2021)"
290,2016 Volkswagen Vento HIGHLINE 1.2 TSI AT ,"675,999",Non-Accidental,"68,459 km",NA,Valid upto Jan 20233rd Party,1st Owner,Petrol,MH-12-M-x-xxxx,January 2016,"68,459km (26 Nov 2021)"
291,2017 Volkswagen Polo HIGHLINE PLUS 1.2L PETROL ,"644,099",Non-Accidental,"23,180 km",NA,Valid upto Jan 20233rd Party,1st Owner,Petrol,MH-12-P-x-xxxx,September 2017,"23,180km (13 Jan 2022)"
292,2015 Maruti Celerio VXI  MANUAL,"379,599",Non-Accidental,"22,159 km",MANUAL,Valid upto Jan 20233rd Party,1st Owner,Petrol,MH-40-A-x-xxxx,November 2015,"22,159km (01 Oct 2021)"
293,2016 Ford New Figo 1.2 TREND MANUAL,"420,899",Non-Accidental,"29,020 km",MANUAL,Valid upto Jul 2022Comp,1st Owner,Petrol,MH-47-K-x-xxxx,May 2016,"29,020km (24 Dec 2021)"
294,2018 Maruti Celerio VXI AMT AUTOMATIC,"494,899",Non-Accidental,"20,753 km",AUTOMATIC,Valid upto Jan 20233rd Party,2nd Owner,Petrol,MH-14-G-x-xxxx,January 2018,"20,753km (25 Oct 2021)"
295,2017 Hyundai Elite i20 ASTA 1.2 (O) MANUAL,"592,299",Non-Accidental,"37,061 km",MANUAL,Valid upto Jan 20233rd Party,1st Owner,Petrol,MH-49-A-x-xxxx,January 2017,"37,061km (03 Jan 2022)"
296,2020 Tata Harrier XM 2.0L Kryotec MANUAL,"1,514,599",Non-Accidental,"16,874 km",MANUAL,Valid upto Feb 2023Comp,1st Owner,Diesel,MH-05-E-x-xxxx,January 2020,"16,874km (26 Oct 2021)"
297,2017 Hyundai Verna 1.6 SX (O) CRDI MT MANUAL,"1,089,999",Non-Accidental,"45,244 km",MANUAL,Valid upto Jan 20233rd Party,1st Owner,Diesel,MH-14-G-x-xxxx,September 2017,"45,244km (11 Jan 2022)"
298,2016 Maruti Ertiga VDI SHVS MANUAL,"833,299",Non-Accidental,"55,926 km",MANUAL,Valid upto Jan 20233rd Party,1st Owner,Diesel,MH-43-B-x-xxxx,July 2016,"55,926km (14 Dec 2021)"
299,2016 Hyundai Elite i20 SPORTZ 1.2 MANUAL,"536,099",Non-Accidental,"84,580 km",MANUAL,Valid upto Jan 20233rd Party,1st Owner,Petrol,MH-12-N-x-xxxx,November 2016,"84,580km (25 Nov 2021)"
300,2014 Maruti Ertiga VDI ABS MANUAL,"648,599",Non-Accidental,"62,677 km",MANUAL,Valid upto Jun 2022Comp,1st Owner,Diesel,MH-12-K-x-xxxx,May 2014,"62,677km (27 Oct 2021)"
301,2017 Maruti Ertiga ZDI PLUS SHVS MANUAL,"896,799",Non-Accidental,"51,927 km",MANUAL,Valid upto May 2022Comp,1st Owner,Diesel,MH-38-8-x-xxxx,May 2017,
302,2016 Volkswagen Ameo HIGHLINE 1.2 MANUAL,"546,299",Non-Accidental,"38,999 km",MANUAL,Valid upto Jan 20233rd Party,1st Owner,Petrol,MH-12-N-x-xxxx,October 2016,"38,999km (14 Dec 2021)"
303,2018 Nissan Micra XL CVT (PETROL) AUTOMATIC,"662,399",Non-Accidental,"21,213 km",AUTOMATIC,Valid upto Jan 20233rd Party,1st Owner,Petrol,MH-14-G-x-xxxx,March 2018,"21,213km (19 Jan 2022)"
304,2011 Hyundai i20 SPORTZ 1.2 O MANUAL,"335,499",Non-Accidental,"94,126 km",MANUAL,Valid upto Jan 20233rd Party,2nd Owner,Petrol,MH-12-H-x-xxxx,June 2011,"94,126km (05 Jan 2022)"
305,2018 Hyundai Creta 1.6 SX AT CRDI ,"1,396,699",Non-Accidental,"30,872 km",NA,Valid upto Jan 20233rd Party,1st Owner,Diesel,MH-47-A-x-xxxx,May 2018,
306,2016 Hyundai Elite i20 ASTA 1.2 MANUAL,"564,599",Non-Accidental,"45,362 km",MANUAL,Valid upto Jan 20233rd Party,1st Owner,Petrol,MH-47-K-x-xxxx,June 2016,"45,362km (28 Nov 2021)"
307,2015 Hyundai New Elantra 1.6 SX AT MANUAL,"848,699",Non-Accidental,"68,431 km",MANUAL,Valid upto Jan 20233rd Party,1st Owner,Diesel,MH-09-D-x-xxxx,February 2015,
308,2015 Hyundai Creta 1.6 SX CRDI ,"921,299",Non-Accidental,"81,424 km",NA,Valid upto Jan 20233rd Party,1st Owner,Diesel,MH-06-B-x-xxxx,October 2015,"81,424km (30 Dec 2021)"
309,2014 Maruti Ciaz VDI MANUAL,"538,699",Non-Accidental,"135,893 km",MANUAL,Valid upto Jan 20233rd Party,1st Owner,Diesel,MH-17-A-x-xxxx,December 2014,"135,893km (23 Dec 2021)"
310,2016 Hyundai Creta 	1.6 SX PLUS VTVT  ,"901,799",Non-Accidental,"61,369 km",NA,Valid upto Jan 20233rd Party,1st Owner,Petrol,MH-43-B-x-xxxx,October 2016,"61,369km (08 Jan 2022)"
311,2015 Honda City VX MT PETROL MANUAL,"737,799",Non-Accidental,"50,169 km",MANUAL,Valid upto Jul 2022Comp,1st Owner,Petrol,MH-12-M-x-xxxx,May 2015,"50,169km (28 Oct 2021)"
312,2016 Hyundai Creta 1.6 E + VTVT MANUAL,"797,599",Non-Accidental,"23,129 km",MANUAL,Valid upto Jan 20233rd Party,1st Owner,Petrol,MH-48-A-x-xxxx,September 2016,"23,129km (11 Jan 2022)"
313,2016 Volkswagen Ameo HIGHLINE 1.2 MANUAL,"482,599",Non-Accidental,"39,132 km",MANUAL,Valid upto Jan 20233rd Party,2nd Owner,Petrol,MH-12-N-x-xxxx,September 2016,"39,132km (24 Dec 2021)"
314,2016 Renault Kwid RXT Opt MANUAL,"348,999",Non-Accidental,"28,255 km",MANUAL,Valid upto Jan 20233rd Party,1st Owner,Petrol,MH-43-A-x-xxxx,May 2016,"28,255km (12 Nov 2021)"
315,2016 Hyundai Creta 1.6 SX PLUS AUTO PETROL AUTOMATIC,"1,059,899",Non-Accidental,"54,201 km",AUTOMATIC,Valid upto Jan 20233rd Party,1st Owner,Petrol,MH-12-N-x-xxxx,September 2016,"54,201km (12 Jan 2022)"
316,2017 Ford Figo Aspire 1.2 TITANIUM PETROL MANUAL,"510,499",Non-Accidental,"41,171 km",MANUAL,Valid upto Sep 2022Third_party,1st Owner,Petrol,MH-12-P-x-xxxx,June 2017,"41,171km (06 Jan 2022)"
317,2016 Maruti Vitara Brezza ZDI PLUS DUAL TONE MANUAL,"776,399",Non-Accidental,"96,919 km",MANUAL,Valid upto Jan 20233rd Party,2nd Owner,Diesel,MH-12-N-x-xxxx,July 2016,"96,919km (06 Nov 2021)"
318,2017 Maruti Vitara Brezza ZDI MANUAL,"761,099",Non-Accidental,"47,948 km",MANUAL,Valid upto Jan 20233rd Party,1st Owner,Diesel,MH-48-A-x-xxxx,October 2017,"47,948km (13 Nov 2021)"
319,2014 Ford Ecosport 1.5TITANIUM TDCI MANUAL,"553,599",Non-Accidental,"118,719 km",MANUAL,Valid upto Jul 2022Comp,1st Owner,Diesel,MH-12-L-x-xxxx,July 2014,"118,719km (30 Dec 2021)"
320,2019 Hyundai GRAND I10 NIOS Asta Petrol ,"669,499",Non-Accidental,"20,134 km",NA,Valid upto Sep 2022Third_party,2nd Owner,Petrol,MH-14-H-x-xxxx,July 2019,"20,134km (12 Jan 2022)"
321,2019 Maruti New  Wagon-R VXI 1.0  ,"556,999",Non-Accidental,"3,555 km",NA,Valid upto Jan 20233rd Party,1st Owner,Petrol,MH-03-D-x-xxxx,September 2019,"3,555km (18 Jan 2022)"
322,2019 Hyundai Verna 1.6 SX VTVT MANUAL,"958,599",Non-Accidental,"11,728 km",MANUAL,Valid upto Jun 2022Third_party,1st Owner,Petrol,MH-12-R-x-xxxx,April 2019,"11,728km (11 Jan 2022)"
323,2015 Hyundai Elite i20 ASTA 1.2 MANUAL,"541,199",Non-Accidental,"48,704 km",MANUAL,Valid upto Jan 20233rd Party,1st Owner,Petrol,MH-02-D-x-xxxx,September 2015,"48,704km (29 Oct 2021)"
324,2018 Maruti Ertiga VDI SHVS LIMITED EDITION MANUAL,"844,499",Non-Accidental,"54,697 km",MANUAL,Valid upto Jan 20233rd Party,1st Owner,Diesel,MH-47-A-x-xxxx,March 2018,"54,697km (13 Jan 2022)"
325,2016 Maruti Baleno 	DELTA 1.2 K12 AT AUTOMATIC,"640,099",Non-Accidental,"26,581 km",AUTOMATIC,Valid upto Jan 20233rd Party,1st Owner,Petrol,MH-12-M-x-xxxx,February 2016,"26,581km (11 Jan 2022)"
326,2014 Honda City S MT PETROL MANUAL,"490,999",Non-Accidental,"146,906 km",MANUAL,Valid upto Jan 20233rd Party,1st Owner,Petrol,MH-05-C-x-xxxx,June 2014,"146,906km (17 Jan 2022)"
327,2018 Honda WR-V 1.5 i-DTEC VX MT MANUAL,"847,799",Non-Accidental,"41,342 km",MANUAL,Valid upto Jan 20233rd Party,1st Owner,Diesel,MH-05-D-x-xxxx,May 2018,"41,342km (25 Dec 2021)"
328,2016 Maruti Ciaz ZDI SHVS HYBIRD MANUAL,"628,099",Non-Accidental,"143,867 km",MANUAL,Valid upto Jan 20233rd Party,2nd Owner,Diesel,MH-14-F-x-xxxx,February 2016,"143,867km (29 Dec 2021)"
329,2017 Jeep Compass LIMITED 1.4 AT AUTOMATIC,"1,408,299",Non-Accidental,"73,849 km",AUTOMATIC,Valid upto Jan 20233rd Party,1st Owner,Petrol,MH-14-G-x-xxxx,December 2017,"73,849km (29 Dec 2021)"
330,2017 Maruti Dzire ZDI MANUAL,"761,599",Non-Accidental,"40,204 km",MANUAL,Valid upto Jan 20233rd Party,1st Owner,Diesel,MH-46-B-x-xxxx,October 2017,"40,204km (02 Jan 2022)"
331,2015 Maruti Baleno ALPHA 1.2 K12  MANUAL,"588,999",Non-Accidental,"22,851 km",MANUAL,Valid upto Jan 20233rd Party,1st Owner,Petrol,MH-01-C-x-xxxx,December 2015,"22,851km (11 Dec 2021)"
332,2017 Toyota Camry HYBRID MANUAL,"1,912,099",Non-Accidental,"69,593 km",MANUAL,Valid upto May 2022Comp,1st Owner,Petrol,MH-04-H-x-xxxx,April 2017,"69,593km (01 Dec 2021)"
333,2017 Hyundai Creta 1.6 CRDI SX PLUS AUTO AUTOMATIC,"1,188,899",Non-Accidental,"72,717 km",AUTOMATIC,Valid upto Jan 20233rd Party,1st Owner,Diesel,MH-14-G-x-xxxx,November 2017,"72,717km (29 Dec 2021)"
334,2017 Maruti Ciaz ALPHA 1.3 DDIS SHVS  MANUAL,"753,799",Non-Accidental,"74,981 km",MANUAL,Valid upto Jan 20233rd Party,1st Owner,Diesel,MH-46-B-x-xxxx,April 2017,"74,981km (23 Oct 2021)"
335,2017 Jeep Compass 2.0 LIMITED MANUAL,"1,476,599",Non-Accidental,"25,491 km",MANUAL,Valid upto Jan 20233rd Party,2nd Owner,Diesel,MH-02-E-x-xxxx,November 2017,"25,491km (30 Dec 2021)"
336,2017 Maruti IGNIS DELTA 1.2 K12 AMT AUTOMATIC,"555,899",Non-Accidental,"4,550 km",AUTOMATIC,Valid upto Jul 2022Comp,1st Owner,Petrol,MH-47-W-x-xxxx,June 2017,"4,550km (24 Dec 2021)"
337,2015 Maruti Swift VXI MANUAL,"435,599",Non-Accidental,"24,966 km",MANUAL,Valid upto Jan 20233rd Party,1st Owner,Petrol,MH-12-M-x-xxxx,July 2015,"24,966km (28 Oct 2021)"
338,2017 Hyundai Creta 1.6 CRDI SX PLUS AUTO AUTOMATIC,"1,075,099",Non-Accidental,"79,362 km",AUTOMATIC,Valid upto Jan 20233rd Party,1st Owner,Diesel,MH-43-B-x-xxxx,February 2017,"79,362km (28 Dec 2021)"
339,2015 Maruti Celerio VXI  MANUAL,"400,199",Non-Accidental,"34,813 km",MANUAL,Valid upto Jan 20233rd Party,1st Owner,Petrol,MH-48-A-x-xxxx,July 2015,"34,813km (09 Dec 2021)"
340,2017 Maruti IGNIS DELTA 1.2 K12  MANUAL,"521,699",Non-Accidental,"24,753 km",MANUAL,Valid upto Jan 20233rd Party,1st Owner,Petrol,MH-14-G-x-xxxx,March 2017,"24,753km (19 Oct 2021)"
341,2017 Hyundai Elite i20 Magna Executive 1.2 MANUAL,"580,299",Non-Accidental,"14,199 km",MANUAL,Valid upto Jan 20233rd Party,1st Owner,Petrol,MH-12-P-x-xxxx,June 2017,"14,199km (19 Oct 2021)"
342,2017 Ford Ecosport 1.5 TITANIUM TI VCT AT AUTOMATIC,"817,099",Non-Accidental,"24,680 km",AUTOMATIC,Valid upto Jan 20233rd Party,1st Owner,Petrol,MH-02-E-x-xxxx,August 2017,"24,680km (04 Jan 2022)"
343,2012 Hyundai i20 MAGNA O 1.2 MANUAL,"419,299",Non-Accidental,"31,372 km",MANUAL,Valid upto Jan 20233rd Party,1st Owner,Petrol,MH-04-F-x-xxxx,October 2012,"31,372km (18 Nov 2021)"
344,2016 Maruti Swift Dzire VXI 1.2 BS IV MANUAL,"533,099",Non-Accidental,"55,216 km",MANUAL,Valid upto Jan 20233rd Party,1st Owner,Petrol,MH-12-M-x-xxxx,January 2016,"55,216km (30 Oct 2021)"
345,2014 Maruti Celerio VXI  MANUAL,"407,299",Non-Accidental,"111,516 km",MANUAL,Valid upto Aug 2022Third_party,1st Owner,Petrol,MH-12-K-x-xxxx,March 2014,"111,516km (05 Jan 2022)"
346,2015 Maruti Swift ZDI MANUAL,"588,899",Non-Accidental,"64,342 km",MANUAL,Valid upto Jan 20233rd Party,1st Owner,Diesel,MH-12-M-x-xxxx,July 2015,"64,342km (30 Dec 2021)"
347,2018 Hyundai Verna 1.6 SX VTVT AT (O) AUTOMATIC,"1,107,399",Non-Accidental,"36,856 km",AUTOMATIC,Valid upto Jan 20233rd Party,1st Owner,Petrol,MH-05-D-x-xxxx,June 2018,"36,856km (14 Jan 2022)"
348,2017 Maruti Dzire ZDI Plus AMT AUTOMATIC,"748,499",Non-Accidental,"38,118 km",AUTOMATIC,Valid upto Jan 20233rd Party,2nd Owner,Diesel,MH-12-P-x-xxxx,May 2017,"38,118km (21 Dec 2021)"
349,2018 Nissan Micra XL CVT (PETROL) AUTOMATIC,"638,899",Non-Accidental,"14,360 km",AUTOMATIC,Valid upto Jul 2022Comp,1st Owner,Petrol,MH-12-Q-x-xxxx,April 2018,"14,360km (07 Sep 2021)"
350,2018 Hyundai Elite i20 Magna Executive 1.2 MANUAL,"595,999",Non-Accidental,"21,666 km",MANUAL,Valid upto Sep 2022Comp,1st Owner,Petrol,MH-47-A-x-xxxx,May 2018,"21,666km (14 Nov 2021)"
351,2018 Maruti IGNIS ZETA 1.2 K12 AMT AUTOMATIC,"640,299",Non-Accidental,"9,217 km",AUTOMATIC,Valid upto Jul 2022Comp,1st Owner,Petrol,MH-14-G-x-xxxx,April 2018,"9,217km (05 Jan 2022)"
352,2017 Ford Ecosport 1.5 TITANIUM TI VCT AT AUTOMATIC,"863,799",Non-Accidental,63 km,AUTOMATIC,Valid upto Jan 20233rd Party,1st Owner,Petrol,MH-43-B-x-xxxx,August 2017,63km (19 Oct 2021)
353,2017 Maruti Baleno DELTA 1.2 K12  MANUAL,"579,899",Non-Accidental,"53,917 km",MANUAL,Valid upto Jan 20233rd Party,1st Owner,Petrol,MH-02-E-x-xxxx,April 2017,"53,917km (18 Oct 2021)"
354,2018 Maruti IGNIS DELTA 1.2 K12  MANUAL,"498,699",Non-Accidental,"12,811 km",MANUAL,Valid upto Jul 2022Zero_Dep,2nd Owner,Petrol,MH-02-E-x-xxxx,May 2018,"12,811km (17 Jan 2022)"
355,2018 Ford Ecosport 1.5 TITANIUM PLUS TI VCT AT MANUAL,"861,299",Non-Accidental,"12,961 km",MANUAL,Valid upto Aug 2022Comp,1st Owner,Petrol,MH-03-D-x-xxxx,May 2018,"12,961km (08 Nov 2021)"
356,2017 Maruti Baleno DELTA 1.2 K12  MANUAL,"601,799",Non-Accidental,"18,994 km",MANUAL,Valid upto Aug 2022Zero_Dep,1st Owner,Petrol,MH-14-G-x-xxxx,August 2017,"18,994km (29 Oct 2021)"
357,2012 Maruti Swift Dzire VDI BS IV MANUAL,"439,099",Non-Accidental,"136,082 km",MANUAL,Valid upto Jan 20233rd Party,1st Owner,Diesel,MH-02-C-x-xxxx,October 2012,"136,082km (18 Oct 2021)"
358,2015 Honda Brio 1.2 S MT I VTEC MANUAL,"393,999",Non-Accidental,"30,487 km",MANUAL,Valid upto Jan 20233rd Party,1st Owner,Petrol,MH-14-E-x-xxxx,February 2015,"30,487km (28 Sep 2021)"
359,2018 Ford Ecosport 1.5TITANIUM TDCI MANUAL,"870,699",Non-Accidental,"44,116 km",MANUAL,Valid upto May 2022Third Party,1st Owner,Diesel,MH-03-C-x-xxxx,March 2018,"44,116km (31 Dec 2021)"
360,2017 Skoda Superb 1.8 TSI LK AT AUTOMATIC,"1,801,999",Non-Accidental,"22,446 km",AUTOMATIC,Valid upto Jan 20233rd Party,2nd Owner,Petrol,MH-02-E-x-xxxx,March 2017,"22,446km (11 Jan 2022)"
361,2020 Maruti S PRESSO VXI PLUS AGS  AUTOMATIC,"493,199",Non-Accidental,"6,794 km",AUTOMATIC,Valid upto Nov 2023Third_party,2nd Owner,Petrol,MH-47-A-x-xxxx,October 2020,"6,794km (02 Dec 2021)"
362,2018 Volkswagen Polo GT TSI 1.2 PETROL AT AUTOMATIC,"808,299",Non-Accidental,"20,448 km",AUTOMATIC,Valid upto Jan 20233rd Party,1st Owner,Petrol,MH-43-B-x-xxxx,January 2018,"20,448km (19 Jan 2022)"
363,2018 Ford Ecosport 1.0 ECOBOOST TITANIUM SPORTS(SUNROOF) MANUAL,"975,999",Non-Accidental,"17,005 km",MANUAL,Valid upto Mar 2023Comp,2nd Owner,Petrol,MH-04-K-x-xxxx,May 2018,"17,005km (01 Nov 2021)"
364,2019 Hyundai Elite i20 1.2 SPORTS PLUS VTVT MANUAL,"789,899",Non-Accidental,"10,129 km",MANUAL,Valid upto May 2022Comp,1st Owner,Petrol,MH-12-R-x-xxxx,April 2019,"10,129km (15 Nov 2021)"
365,2014 Maruti Ritz VDI  MANUAL,"366,999",Non-Accidental,"121,608 km",MANUAL,Valid upto May 2022Comp,1st Owner,Diesel,MH-15-E-x-xxxx,May 2014,"121,608km (25 Oct 2021)"
366,2019 Maruti Baleno DELTA 1.2 K12  MANUAL,"710,799",Non-Accidental,"16,002 km",MANUAL,Valid upto May 2022Comp,1st Owner,Petrol,MH-12-R-x-xxxx,March 2019,"16,002km (04 Jan 2022)"
367,2019 Hyundai Elite i20 1.4 SPORTS PLUS CRDI ,"839,699",Non-Accidental,"40,106 km",NA,Valid upto Jan 20233rd Party,1st Owner,Diesel,MH-12-R-x-xxxx,May 2019,"40,106km (17 Jan 2022)"
368,2018 Hyundai Creta 1.6 VTVT SX AUTO AUTOMATIC,"1,432,599",Non-Accidental,"69,711 km",AUTOMATIC,Valid upto Jan 20233rd Party,1st Owner,Petrol,MH-12-Q-x-xxxx,October 2018,"69,711km (10 Jan 2022)"
369,2016 Hyundai Grand i10 ASTA 1.2 (O) VTVT MANUAL,"470,799",Non-Accidental,"86,068 km",MANUAL,Valid upto May 2022Third_party,1st Owner,Petrol,MH-12-M-x-xxxx,March 2016,"86,068km (21 Sep 2021)"
370,2018 Maruti Vitara Brezza ZDI PLUS MANUAL,"878,999",Non-Accidental,"65,640 km",MANUAL,Valid upto May 2022Third_party,1st Owner,Diesel,MH-12-Q-x-xxxx,May 2018,"65,640km (09 Oct 2021)"
371,2014 Maruti Swift VDI MANUAL,"519,599",Non-Accidental,"64,412 km",MANUAL,Valid upto Jan 20233rd Party,1st Owner,Diesel,MH-12-K-x-xxxx,February 2014,"64,412km (26 Oct 2021)"
372,2020 MG HECTOR SHARP DCT PETROL  AUTOMATIC,"1,643,499",Non-Accidental,"45,881 km",AUTOMATIC,Valid upto Mar 2023Zero_Dep,1st Owner,Petrol,MH-14-J-x-xxxx,February 2020,"45,881km (22 Dec 2021)"
373,2019 Maruti Swift ZXI AMT AUTOMATIC,"763,799",Non-Accidental,"4,888 km",AUTOMATIC,Valid upto Jan 20233rd Party,1st Owner,Petrol,MH-12-R-x-xxxx,August 2019,"4,888km (31 Dec 2021)"
374,2019 Maruti Baleno ALPHA 1.2 K12  MANUAL,"769,799",Non-Accidental,"4,921 km",MANUAL,Valid upto Jan 20233rd Party,1st Owner,Petrol,MH-12-R-x-xxxx,August 2019,"4,921km (18 Oct 2021)"
375,2015 Maruti Swift Dzire VXI 1.2 BS IV MANUAL,"493,099",Non-Accidental,"15,052 km",MANUAL,Valid upto Jan 20233rd Party,2nd Owner,Petrol,MH-47-A-x-xxxx,November 2015,"15,052km (02 Jan 2022)"
376,2013 Maruti Swift Dzire VDI BS IV MANUAL,"514,599",Non-Accidental,"87,964 km",MANUAL,Valid upto Jan 20233rd Party,1st Owner,Diesel,MH-02-C-x-xxxx,January 2013,"87,964km (11 Jan 2022)"
377,2015 Maruti Swift Dzire VXI 1.2 BS IV MANUAL,"528,099",Non-Accidental,"31,026 km",MANUAL,Valid upto Jan 20233rd Party,1st Owner,Petrol,MH-46-A-x-xxxx,December 2015,"31,026km (09 Dec 2021)"
378,2018 Maruti Baleno ZETA 1.2 K12 AMT  AUTOMATIC,"741,299",Non-Accidental,"6,283 km",AUTOMATIC,Valid upto Nov 2022Comprehensive,1st Owner,Petrol,MH-12-Q-x-xxxx,October 2018,"6,283km (18 Jan 2022)"
379,2015 Hyundai Grand i10 ASTA 1.2 KAPPA VTVT MANUAL,"454,699",Non-Accidental,"63,175 km",MANUAL,Valid upto Aug 2022Comp,3rd Owner,Petrol,MH-12-M-x-xxxx,July 2015,"63,175km (22 Oct 2021)"
380,2018 Maruti Baleno DELTA 1.2 K12  MANUAL,"611,999",Non-Accidental,"29,701 km",MANUAL,Valid upto Jan 20233rd Party,1st Owner,Petrol,MH-43-B-x-xxxx,March 2018,"29,701km (02 Dec 2021)"
381,2015 Hyundai Grand i10 ASTA AT 1.2 KAPPA VTVT MANUAL,"481,099",Non-Accidental,"31,497 km",MANUAL,Valid upto Jan 20233rd Party,2nd Owner,Petrol,MH-12-M-x-xxxx,September 2015,"31,497km (12 Jan 2022)"
382,2012 Maruti Wagon R 1.0 LXI CNG MANUAL,"278,099",Non-Accidental,"88,649 km",MANUAL,Valid upto Jan 20233rd Party,1st Owner,Petrol + CNG,MH-43-A-x-xxxx,August 2012,"88,649km (24 Dec 2021)"
383,2015 Hyundai Grand i10 ASTA AT 1.2 KAPPA VTVT MANUAL,"452,199",Non-Accidental,"27,617 km",MANUAL,Valid upto Jan 20233rd Party,3rd Owner,Petrol,MH-12-M-x-xxxx,October 2015,"27,617km (23 Dec 2021)"
384,2016 Hyundai Grand i10 SPORTZ 1.2 KAPPA VTVT MANUAL,"514,499",Non-Accidental,"27,787 km",MANUAL,Valid upto Jan 20233rd Party,1st Owner,Petrol,MH-14-F-x-xxxx,September 2016,"27,787km (25 Oct 2021)"
385,2018 Maruti Celerio ZXI  MANUAL,"479,299",Non-Accidental,"42,234 km",MANUAL,Valid upto Jul 2022Comp,1st Owner,Petrol,MH-12-Q-x-xxxx,April 2018,"42,234km (10 Jan 2022)"
386,2012 Maruti Wagon R 1.0 VXI MANUAL,"291,399",Non-Accidental,"46,653 km",MANUAL,Valid upto Jan 20233rd Party,1st Owner,Petrol,MH-03-B-x-xxxx,September 2012,"46,653km (21 Dec 2021)"
387,2016 Hyundai Grand i10 SPORTS 1.2 VTVT MANUAL,"484,899",Non-Accidental,"31,884 km",MANUAL,Valid upto Sep 2022Third_party,1st Owner,Petrol,MH-12-N-x-xxxx,June 2016,"31,884km (26 Oct 2021)"
388,2013 Maruti Swift Dzire VXI 1.2 BS IV MANUAL,"446,199",Non-Accidental,"27,784 km",MANUAL,Valid upto Jan 20233rd Party,1st Owner,Petrol,MH-05-B-x-xxxx,November 2013,"27,784km (30 Nov 2021)"
389,2018 Renault Kwid RXT 1.0 EASY-R AT OPTION AUTOMATIC,"485,399",Non-Accidental,"8,054 km",AUTOMATIC,Valid upto Aug 2022Third_party,1st Owner,Petrol,MH-12-Q-x-xxxx,July 2018,"8,054km (31 Dec 2021)"
390,2019 Renault Kwid RXT 1.0 EASY-R AT OPTION AUTOMATIC,"510,299",Non-Accidental,"8,651 km",AUTOMATIC,Valid upto Apr 2022Zero_Dep,1st Owner,Petrol,MH-12-R-x-xxxx,April 2019,"8,651km (03 Jan 2022)"
391,2019 Maruti Baleno ZETA 1.2 K12  MANUAL,"729,899",Non-Accidental,"18,002 km",MANUAL,Valid upto Aug 2022Zero_Dep,1st Owner,Petrol,MH-12-R-x-xxxx,July 2019,"18,002km (26 Nov 2021)"
392,2017 Hyundai Grand i10 MAGNA 1.2 KAPPA VTVT MANUAL,"531,599",Non-Accidental,"20,393 km",MANUAL,Valid upto Jan 20233rd Party,1st Owner,Petrol,MH-14-G-x-xxxx,November 2017,"20,393km (08 Jan 2022)"
393,2019 Maruti Baleno ZETA 1.2 K12  MANUAL,"734,799",Non-Accidental,"10,458 km",MANUAL,Valid upto Jan 20233rd Party,1st Owner,Petrol,MH-02-E-x-xxxx,January 2019,"10,458km (02 Nov 2021)"
394,2018 Maruti Celerio VXI  MANUAL,"531,299",Non-Accidental,"29,458 km",MANUAL,Valid upto Jan 20233rd Party,1st Owner,Petrol,MH-14-G-x-xxxx,March 2018,"29,458km (31 Dec 2021)"
395,2015 Hyundai Grand i10 ASTA AT 1.2 KAPPA VTVT MANUAL,"485,299",Non-Accidental,"10,267 km",MANUAL,Valid upto Jan 20233rd Party,1st Owner,Petrol,MH-47-A-x-xxxx,June 2015,"10,267km (31 Dec 2021)"
396,2018 Maruti Baleno DELTA 1.2 K12  MANUAL,"651,699",Non-Accidental,"18,408 km",MANUAL,Valid upto Nov 2022Comprehensive,2nd Owner,Petrol,MH-12-Q-x-xxxx,October 2018,"18,408km (19 Jan 2022)"
397,2017 Hyundai Grand i10 SPORTZ (O) 1.2 AT VTVT ,"624,799",Non-Accidental,"25,194 km",NA,Valid upto Jun 20223rd Party,1st Owner,Petrol,MH-12-P-x-xxxx,April 2017,"25,194km (12 Jan 2022)"
398,2015 Hyundai Grand i10 ASTA AT 1.2 KAPPA VTVT MANUAL,"455,099",Non-Accidental,"21,209 km",MANUAL,Valid upto Jan 20233rd Party,2nd Owner,Petrol,MH-48-A-x-xxxx,February 2015,"21,209km (11 Aug 2021)"
399,2017 Hyundai Grand i10 Sportz1.2 CRDI MANUAL,"551,799",Non-Accidental,"67,597 km",MANUAL,Valid upto May 2022Zero_Dep,1st Owner,Diesel,MH-12-Q-x-xxxx,January 2017,"67,597km (10 Jan 2022)"
